Coluna 1,country of citizenship,educated at,ethnic group,place of birth,place of burial,place of death,sex or gender
3NÓS3,,,,,,,
Abelardo da Hora,Brazil,,,São Lourenço da Mata,,,male
Abelardo Zaluar,,,,,,,
Avraham Naton,Israel,,,Reni,Kiryat Shaul Cemetery,Givatayim,male
Abraham Palatnik,Brazil,Montefiori Technical School,Jewish people,Natal,,Rio de Janeiro,male
Achille Funi,Italy,Brera Academy,,Ferrara,,Appiano Gentile,male
,Kingdom of Italy,,,,,,
Ademar Manarini,Brazil,,,Campinas,,São Paulo,male
Ademar Shimabukuro,,,,,,,
Adir Botelho,Brazil,,,Rio de Janeiro,,,male
Adir Sodré,,,,,,,male
Adja Yunkers,United States,,,Riga,,New York City,male
,Sweden,,,,,,
Adolfo Mexiac,Mexico,"Escuela Nacional de Pintura, Escultura y Grabado La Esmeralda",,Cuto de la Esperanza,,Cuernavaca,male
Adolpho Hollanda,,,,,,,
Adriano Spatola,Italy,,,Matulji,,Sant'Ilario d'Enza,male
Giulia Niccolai,Italy,,,Milan,,Milan,female
Afro Basaldella,Italy,Liceo Artistico Di Porta Romana E S.F.,,Udine,,Zurich,male
,Italy,,,,,,
Agenore Fabbri,Italy,"Academy of Fine Arts, Florence",,Pistoia,,Savona,male
Aharon Kahana,Israel,,,Stuttgart,Kiryat Shaul Cemetery,Paris,male
Ahmes de Paula Machado,,,,,,,
Ahron Giladi,,,,,,,
Aieto Manetti Neto,,,,,,,
Ailema Bianchetti,,,,,,,
Aimée,,,,,,,
Aki Kuroda,Japan,Doshisha University,,Kyoto,,,male
Alain Snyers,France,École nationale supérieure des arts décoratifs,,Zaire,,,male
,Democratic Republic of the Congo,,,,,,
Alan Davie,United Kingdom,Edinburgh College of Art,,Grangemouth,,Hertford,male
,United Kingdom of Great Britain and Ireland,,,,,,
Alastair Milne Michie,France,,,,,,
,,,,,,,male
Albano Afonso,Brazil,,,São Paulo,,,male
Albert Gleizes,France,,,Paris,,Saint-Rémy-de-Provence,male
Albert Hien,Germany,,,Munich,,,male
Leonilson,Brazil,Fundação Armando Alvares Penteado,,Fortaleza,,São Paulo,male
Alberto Bitar,,,,,,,
Alberto da Veiga Guignard,Brazil,"Academy of Fine Arts, Munich",,Nova Friburgo,Church of Saint Francis of Assisi (Ouro Preto),Belo Horizonte,male
Alberto Donat,,,,,,,
Alberto Lambach,,,,,,,
Alberto Magnelli,Italy,,,Florence,Longs-Réages cemetery,Meudon,male
Alberto Martins,,,,,,,
Alberto Salietti,Italy,,,Ravenna,,Chiavari,male
Alberto Simon,,,,,,,
Alberto Teixeira,Brazil,,,,,,male
Alcindo Moreira Filho,,,,,,,
Aldemir Martins,Brazil,,,Aurora,,São Paulo,male
Aldir Mendes de Souza,Brazil,,,São Paulo,,São Paulo,male
Aldo Bonadei,Brazil,,,São Paulo,,São Paulo,male
Aldo Severi,Argentina,,,Buenos Aires,,Quilmes,male
Aldo Simoncini,San Marino,,,San Marino,,,male
Alejandro Pérez Cruz,Mexico,,,Ciudad Nezahualcóyotl,,,male
Alejandro Santiago Ramírez,Mexico,,,Teococuilco de Marcos Pérez Municipality,,Oaxaca de Juárez Municipality,male
Aleksander Kobzdej,Poland,Jan Matejko Academy of Fine Arts in Krakow,,Olesko,Powązki Military Cemetery,Warsaw,male
Aleksander Turek,,,,,,,
Alena Kučerová,Czech Republic,,,Prague,,,female
,Czechoslovakia,,,,,,
Ales Villegas,,,,,,,
Alessandro Tagliolini,Italy,,,Rome,,Pietrasanta,male
Alex Flemming,Brazil,,,São Paulo,,,male
Alex Gama,Brazil,,,,,,male
Alex Katz,United States,Cooper Union,,New York City,,,male
,,Skowhegan School of Painting and Sculpture,,,,,
Alex Mlynárčik,Czechoslovakia,,,Žilina,,,male
Alex Vallauri,Brazil,,,Asmara,,São Paulo,male
Alexander,,,,,,,
Alexander Calder,United States,house,,Lawnton,,New York City,male
,,Académie de la Grande Chaumière,,,,,
,,Stevens Institute of Technology,,,,,
Alexander Pilis,Brazil,,,,,,male
Alexandre Bonnier,France,,,Chalon-sur-Saône,,Paris,male
Alexandre Cruz (Sesper),,,,,,,
Alexandre Wollner,Brazil,,,São Paulo,,São Paulo,male
Alexandrina Ghetie,,,,,,,
Alfred Hrdlicka,Austria,Academy of Fine Arts Vienna,,Vienna,Vienna Central Cemetery,Vienna,male
الفريد كوبين,Austria–Hungary,"Academy of Fine Arts, Munich",,Litoměřice,Upper Austria,Wernstein am Inn,male
,Austria,,,,,,
Alfred Leslie,United States,New York University,,New York City,,Brooklyn,male
,,Art Students League of New York,,,,,
,,Pratt Institute,,,,,
,,DeWitt Clinton High School,,,,,
Alfred Manessier,France,Beaux-Arts de Paris,,Saint-Ouen,Saint-Ouen,Orléans,male
,,Amiens Higher School of Art and Design,,,,,
Alfredo Grieco,,,,,,,
Alfredo Mazzeo,,,,,,,male
Alfredo Nicolaievsky,,,,,,,
Alfredo Portillo,Venezuela,,,,,,male
Alfredo Testoni Lauriti,Uruguay,,,Montevideo,,,male
Alfredo Volpi,Brazil,,,Lucca,,São Paulo,male
Alice Brill,Germany,,,Cologne,,Itu,female
,Brazil,,,Germany,,São Paulo,
Aligi Sassu,Italy,,,Milan,,Pollença,male
Allen Fisher,United States,,,,,,male
Almandrade,,,,,,,
Almir Mavignier,Brazil,,,Rio de Janeiro,,Hamburg,male
Aloísio Lucas de Siqueira,,,,,,,
Aloísio Sergio Magalhães,Brazil,,,Recife,,Padua,male
Alton Pickens,United States,,,,,,male
Álvaro Amengual,Uruguay,,,Montevideo,,,male
Álvaro Cármenes,Uruguay,,,,,,male
Alzira Fragoso,,,,,,,
Amador de Carvalho Perez,,,,,,,male
Amália Pasqualina Fernandes Filha,,,,,,,
Amedeo Modigliani,Kingdom of Italy,Accademia delle Arti del Disegno,Jewish people,Livorno,Père Lachaise Cemetery,Hôpital de la Charité,male
,,"Academy of Fine Arts, Florence",,,Grave of Amedeo Modigliani and Jeanne Hébuterne,,
,,Accademia di Belle Arti di Venezia,,,,,
Amelia Etlinger,United States,,,,,,female
Amelia Peláez,Cuba,Académie de la Grande Chaumière,,Yaguajay,,Havana,female
,,Academia Nacional de Bellas Artes San Alejandro,,,,,
Américo Spósito,Uruguay,,,Montevideo,,,male
Amelia Toledo,Brazil,University of Brasília,,São Paulo,,Cotia,female
,,Federal University of Rio Grande do Sul,,,,,
,,Pontifícia Universidade Católica do Rio Grande do Sul,,,,,
,,Central School of Art and Design,,,,,
Amílcar de Castro,Brazil,Federal University of Minas Gerais,,Paraisópolis,,Belo Horizonte,male
Ana Alice Francisquetti,,,,,,,
Ana Amorim,Brazil,,,São Paulo,,,female
Ana Cristina Andrade,,,,,,,
Ana Luiza Dias Batista,,,,,,,female
Ana Maria Tavares,Brazil,Fundação Armando Alvares Penteado,,Belo Horizonte,,,female
,,School of the Art Institute of Chicago,,,,,
,,University of São Paulo,,,,,
Ana Santos,Mexico,,,Tlaxcala de Xicoténcatl,,,female
Ana Teixeira,,,,,,,
Analívia Cordeiro,Brazil,Faculty of Architecture and Urbanism of the University of São Paulo,,São Paulo,,,female
,,University of Campinas,,,,,
,,Pontifícia Universidade Católica de São Paulo,,,,,
Anatol Władysław,Brazil,,,Warsaw,,São Paulo,male
Andrea Campos de Sá,,,,,,,
Andrea Cascella,Italy,,,Pescara,,Milan,male
Pietro Cascella,Italy,,,Pescara,,Pietrasanta,male
Andrea Montin,,,,,,,
André Bruyère,France,,,Orléans,,4th arrondissement of Paris,male
Fernand Léger,France,Académie Julian,French,Argentan,Gif-sur-Yvette,Gif-sur-Yvette,male
,,École nationale supérieure des arts décoratifs,,,,,
André Lhote,France,école des beaux-arts de Bordeaux,,Bordeaux,Montparnasse Cemetery,Paris,male
أندريه ماسون,France,Beaux-Arts de Paris,,Balagny-sur-Thérain,,4th arrondissement of Paris,male
André Ricardo,,,,,,,
Andréa Brown,,,,,,,
Andrés Vásquez Gloria,,,,,,,
Andrzej Lachowicz,Poland,,,Vilnius,,Wrocław,male
Andrzej Meissner,,,,,,,
Andrzej Nowacki,,University of Innsbruck,,Rabka-Zdrój,,,male
Andrzej Różycki,Poland,National Film School in Łódź,,Baranavichy,Stary Cmentarz w Łodzi,,male
Anésia Pacheco e Chaves,,,,,,,
Ângela Leite,,Instituto de Ciências Biomédicas Abel Salazar,,,,,female
,,ISMAI,,,,,
,,Faculty of Arts and Humanities of the University of Porto,,,,,
Anhelo Hernández Ríos,Uruguay,,,Montevideo,,Montevideo,male
Anita Malfatti,Brazil,Mackenzie Presbyterian University,,São Paulo,,São Paulo,female
Anna Barros,,,,,,,
Anna Bella Geiger,Brazil,Federal University of Rio de Janeiro,,Rio de Janeiro,,,female
Anna Coccoli,,,,,,,
Anna Kutera,Poland,Eugeniusz Geppert Academy of Fine Arts,,Zgorzelec,,,female
Anna Letycia Quadros,Brazil,,,,,,female
Anna Luiza Bellucci,,,,,,,
Anna Maria Maiolino,Brazil,Escola Nacional de Belas Artes,,Scalea,,,female
Anna Salvatore,Italy,,,Rome,,Rome,female
Annarrê Smith,Brazil,,,São Paulo,,,
Anne Breivik,Norway,,,Steinkjer Municipality,,Moss Municipality,female
Anne Ethuin,France,,,,Père Lachaise Cemetery,,female
,,,,,Grave of Jaguer,,
Anne Ryan,United States,Atelier 17,,Hoboken,,Morristown,female
Annie Leibovitz,United States,San Francisco Art Institute,,Waterbury,,,female
,,Northwood High School,,,,,
Anselmo Bucci,Kingdom of Italy,Brera Academy,,Fossombrone,urban cemetery of Monza,Monza,male
Antelma Santini,,,,,,,
Antoine Mortier,Belgium,,,Saint-Gilles,,Auderghem,male
Antoni Mikołajczyk,Poland,Nicolaus Copernicus University in Toruń,,Siemianowice Śląskie,Służew Cemetery (Renety Street),Łódź,male
Antoni Miralda,Spain,,,Terrassa,,,male
Antoni Muntadas,United States,,,Barcelona,,,male
,Spain,,,,,,
安东尼·塔皮埃斯,Spain,German School of Barcelona,,Barcelona,Cementiri de Collserola,Barcelona,male
Antônio Bandeira,Brazil,Beaux-Arts de Paris,African Brazilians,Fortaleza,,Paris,male
Antonio Corpora,Kingdom of Italy,Tunis Institute of Fine Arts,,Tunis,,Rome,male
Antonio Dias,Brazil,,,Campina Grande,,Rio de Janeiro,male
Antonio Ferro,,,,,,,
Antonio Henrique Amaral,Brazil,,,São Paulo,,São Paulo,male
Antonio Seguí,Argentina,,,Villa Allende,Cemetery of Arcueil,Buenos Aires,male
,France,,,,,,
Antônio Carlos de Vianna Antunes,,,,,,,
Antônio Celso Sparapan ,,,,,,,
 Anésia Pacheco e Chaves,,,,,,,
Antonio Gomide,Brazil,,,Itapetininga,,,male
Antônio Guimarães,Brazil,,,Rio de Janeiro,,,male
Antônio Carlos Nogueira Cabral,Brazil,University of São Paulo,,São Paulo,,Rio de Janeiro,male
Antonio Lizárraga,,,,,,,male
António Pedro,Portugal,University of Lisbon,,Praia,,Freguesia de Moledo,male
Antônio Poteiro,Portugal,,,Freguesia de Pousada,,Goiânia,male
,Brazil,,,,,,
Antônio Vitor,,,,,,,
Antti Nieminen,Finland,,,Vyborg,,,male
Aprígio,,,,,,,
Arcangelo Ianelli,Brazil,,,São Paulo,,São Paulo,male
Ardengo Soffici,Kingdom of Italy,,,Rignano sull'Arno,,Vittoria Apuana,male
Letícia Burgos,,,,,,,
Letícia Parente,Brazil,,,Salvador,,Rio de Janeiro,female
Leyla Mattoso,,,,,,,
Lênio Braga,Brazil,,,Ribeirão Claro,,,male
Lia Menna Barreto,Brazil,,,Rio de Janeiro,,,female
Lidiya Vertinskaya,Republic of China,Surikov State Academic Institute of Fine Arts,,Harbin,Novodevichy Cemetery,Moscow,female
,Soviet Union,,,,,,
,Russia,,,,,,
Lila Gonzales Lagrotta,,,,,,,
Lili Hirsch,,,,,,,
Liliane Soffer,,,,,,,
Lilly Michael,,,,,,,
Lino Dinetto,Italy,,,Este,,,male
Lisa Ficker Hoffmann,,,,,,,
Liuba Wolf,,,,Sofia,,São Paulo,female
Liz Miller,,,,,,,female
Livio Abramo,Brazil,,,Araraquara,,Asunción,male
,Paraguay,,,,,,
Loio-Pérsio,Brazil,Universidade Federal do Paraná,,Tapiratiba,,Rio de Janeiro,male
Lorenzo Bruno,Kingdom of Italy,,,Murazzano,,Turin,male
Lorenzo Guerrini,Italy,,,Milan,,Rome,male
Lorenzo Indrimi,Italy,,,,,,male
Lorenzo Viani,Kingdom of Italy,,,Viareggio,,Lido di Ostia,male
Lothar Charoux,Brazil,,,Vienna,,São Paulo,male
Louis Bec,France,,,Algiers,,,male
Michel Bertrand,France,,,Montpellier,,Perpignan,male
Max Charvolen,France,École des beaux-arts de Marseille,,,,,male
Hervé Fischer,France,École Normale Supérieure,,Paris,,,male
Giner ,,,,,,,
Christian Jaccard,France,École nationale supérieure des arts appliqués et des métiers d'art,,Fontenay-sous-Bois,,,male
,Switzerland,,,,,,
Patrick Jude,France,,,Perpignan,,,male
Jean-Michel Meurice,France,,,Lille,,15th arrondissement of Paris,male
Michel Vachey,,,,,,,male
Textruction,,,,,,,
Louis Clesse,Belgium,,,Ixelles,,Ixelles,male
Louis Schanker,United States,Art Students League of New York,,New York City,,New York City,male
Louis Van Lint,Belgium,Académie des beaux-arts de Saint-Josse-ten-Noode,,Saint-Josse-ten-Noode,,Brussels metropolitan area,male
Louise Bourgeois,France,Beaux-Arts de Paris,French,6th arrondissement of Paris,Cutchogue Cemetery,Beth Israel Medical Center,female
,United States,Art Students League of New York,,,,,
,,Académie Julian,,,,,
,,"Lycée Fénelon, Paris",,,,,
,,University of Paris,,,,,
,,École du Louvre,,,,,
,,Atelier 17,,,,,
,,Académie Moderne,,,,,
Louise Kruger,United States,Art Students League of New York,,Los Angeles,,,female
Lourdes Cedran,,,,,,,
Lourdes Donato Bonaldi,,,,,,,
Lucas Simões,,,,,,,male
Luciano Gregory,,,,,,,
Luciano Minguzzi,Italy,Academy of Fine Arts of Bologna,,Bologna,Piratello Cemetery,Milan,male
,Kingdom of Italy,University of Bologna,,,,,
Lucio Fontana,Italy,Brera Academy,,Rosario,,Comabbio,male
,Argentina,,,,,,
Lucy Citti Ferreira,Brazil,,,São Paulo,,14th arrondissement of Paris,female
Ludwig Zeller,Chile,Instituto Pedagógico,,Calama,,Oaxaca de Juárez,male
Luigi E. Mattei,Kingdom of Italy,,,,,,male
Luigi Zanotto,,,,,,,
Luis Alberto Solari,Uruguay,,,Fray Bentos,,Montevideo,male
Luis Camnitzer,Uruguay,University of the Republic,,Lübeck,,,male
Luis Enrique Silvestre Guerra,,,,,,,
Luis Fernando Benedit,Argentina,University of Buenos Aires,,Buenos Aires,,Buenos Aires,male
Luis Fernando Peláez,,,,,,,male
Luis López Loza,Mexico,,,Mexico City,,,male
Luis Martínez Pedro,Cuba,,,,,,male
Luis Mazzey,Uruguay,,,Montevideo,,,male
Luis Pazos,,,,,,,
Luis Ricaurte,Colombia,,,Pasto,,,male
Luise Weiss,,,,,,,
Luiz Alphonsus,Brazil,,,Belo Horizonte,,,male
Luiz Barth,,,,,,,
Luiz Braga,Brazil,,,Belém,,,male
Luiz Hermano,Brazil,,,Fortaleza,,,male
Luiz Martins,,,,,,,
Luiz Paulo Baravelli,Brazil,Fundação Armando Alvares Penteado,,,,,male
Luis Sacilotto,Brazil,,,Santo André,,São Bernardo do Campo,male
Luiz Ventura,,,,,,,
Luís Camargo,,,,,,,
Lula Cardoso Ayres,Brazil,,,,,,male
Lúcia Castanho,,,,,,,
Lúcia Ferreira,,,,,,,
Lucia Fleury,Brazil,,,São Paulo,,,female
Lúcia Suané,,,,,,,female
Lydia Okumura,Brazil,Fundação Armando Alvares Penteado,,Osvaldo Cruz,,,female
,,Pratt Graphic Art Center,,,,,
Lygia Arcuri Eluf,,,,,,,
Lygia Clark,Brazil,,,Belo Horizonte,,Rio de Janeiro,female
Lygia Pape,Brazil,Federal University of Rio de Janeiro,,Nova Friburgo,,Rio de Janeiro,female
,,Escola Nacional de Belas Artes,,,,,
Lygia Reinach,Brazil,,,Dois Córregos,,,female
José de Souza Oliveira Filho,Brazil,,,Macaparana,,,male
Maciej Antoni Babinski,,,,,,,
Macline,,,,,,,
Malu Fatoreli,,,,,,,
Manabu Mabe,Brazil,,,Kumamoto Prefecture,,São Paulo,male
Mane-Katz,France,Beaux-Arts de Paris,,Kremenchuk,Hof HaCarmel Cemetery,Tel-Aviv,male
,Israel,,,,,,
Manezinho Araújo,Brazil,,,Cabo de Santo Agostinho,,São Paulo,male
,,,,Pernambuco,,,
Manfredo de Souzanetto,Brazil,,,,,,male
Manuel Martins,Brazil,,,São Paulo,,São Paulo,male
Manoel Veiga,,,,,,,
Manuel Álvarez,Spain,Royal Academy of Fine Arts of San Fernando,,Salamanca,,Madrid,male
Manuel Calvo Abad,Spain,,,Oviedo,,Madrid,male
Manuel Cargaleiro,Portugal,,,Vila Velha de Ródão,,Castelo Branco,male
Manuel Casimiro,Portugal,,,Porto,,,male
Manuel Felguérez,Mexico,Académie de la Grande Chaumière,,Valparaíso,,Mexico City,male
,,"Escuela Nacional de Pintura, Escultura y Grabado La Esmeralda",,,,,
Marc Chagall,France,School Yehuda Pen in Vitebsk,Jewish people,Liozna,Cimetière de Saint-Paul-de-Vence,Saint-Paul-de-Vence,male
,Russian Empire,Académie de La Palette,,,,,
,Russian Socialist Federative Soviet Republic,,,,,,
,statelessness,,,,,,
Marcel Fiorini,France,Graduate School of Fine Arts of Algiers,,Guelma,,Bois-le-Roi,male
Marcela Tiboni,,,,,,,
Marcello Mascherini,Italy,,,Udine,,Padua,male
Marcello Nitsche,Brazil,Fundação Armando Alvares Penteado,,São Paulo,,,male
Marcelo Bonevardi,Argentina,,,Buenos Aires,,,male
Marcelo Cipis,,,,,,,male
Marcelo Grassmann,Brazil,,,São Simão,,São Paulo,male
Marcelo Lima,,,,,,,
Marcelo Moscheta,,,,,,,
Marcelo Silveira,Brazil,,,Gravatá,,,male
Marcelo Zocchio,,,,,,,
Marcia Schvartz,Argentina,,,Buenos Aires,,,female
Marcio Banfi,,,,,,,
Marco Buti,,,,,,,
Marco do Valle,,,,,,,
Marco Giannotti,Brazil,University of São Paulo,,,,,male
Marco Lodola,Italy,,,Dorno,,,male
Marcos Chaves,Brazil,Escola de Artes Visuais do Parque Lage,,Rio de Janeiro,,,male
Marcos Coelho Benjamin,,,,,,,
Marcus André,,,,,,,
Marepe,Brazil,,,Santo Antônio de Jesus,,,male
Maria Bonomi,Brazil,Escola de Comunicações e Artes da Universidade de São Paulo,,Province of Novara,,,female
Maria Carmen,,,,,,,
Maria Cecília Manuel Gismondi,,,,,,,
Maria Célia Andrade,,,,,,,
Maria Helena Andrés,Brazil,,,Belo Horizonte,,,female
Maria Irene Ribeiro,Portugal,,,Braga,,,female
Maria Leonor Decourt,,,,,,,
Maria Leontina da Costa,Brazil,,,São Paulo,,,female
Maria Lídia Magliani,Brazil,Federal University of Rio Grande do Sul,African Brazilians,Pelotas,,Rio de Janeiro,female
María Luisa Pacheco,Bolivia,,,La Paz,,New York City,female
,United States,,,,,,
Maria Martins,Brazil,Atelier 17,,Campanha,,Rio de Janeiro,female
María J. Polo,,University of Cordoba,,,,,female
,,University of Extremadura - Badajoz Campus,,,,,
,,University of Cordoba,,,,,
,,University of Cambridge,,,,,
Maria Tereza Louro,,,,,,,female
Maria Tomaselli,Brazil,,,Innsbruck,,,female
Mariana Manhaes,Brazil,,,Niterói,,,female
Marianne Peretti,Brazil,Académie de la Grande Chaumière,,Paris,,Recife,female
Marie Orensanz,France,,,Mar del Plata,,,female
Marilyn Diggs,,,,,,,
Marina Abramović,Federal People's Republic of Yugoslavia,"Academy of Fine Arts, Belgrade",Serbs,Belgrade,,,female
,Socialist Federal Republic of Yugoslavia,"Academy of Fine Arts, University of Zagreb",,,,,
,Federal Republic of Yugoslavia,,,,,,
,Serbia and Montenegro,,,,,,
,Serbia,,,,,,
,Yugoslavia,,,,,,
Marina Caram,,,,,,,
Marina Duarte Barthold,,,,,,,
Marina Núñez del Prado,Bolivia,,,La Paz,Cementerio General de La Paz,Lima,female
Marina Saleme,,,,,,,female
Marino Marini,Italy,,,Pistoia,,Viareggio,male
Mario Ballocco,Italy,Brera Academy,,Milan,,Milan,male
Mario Benedetti,Italy,,,Terni,,,male
Mário Cravo Neto,Brazil,,,Salvador,,Salvador,male
Mario Faustinelli,Italy,,,Venice,,Milan,male
Mario Guadagnino,,,,,,,
Mario Mafai,Italy,,,Rome,,Rome,male
Mario Sironi,Italy,,,Sassari,,Milan,male
Mario Toral,Chile,Beaux-Arts de Paris,,Santiago,,,male
Marisa Boullosa,Mexico,,,Mexico City,,,female
Marita Crespi,,,,,,,
Maria Freire,Uruguay,,,Montevideo,,Montevideo,female
Marília Rodrigues,Brazil,,,Belo Horizonte,,,female
Marjean Kettunen,United States,,,,,,female
Marly Kahtalian,,,,,,,
Marquês de Sá,,,,,,,
Marta Colvin,Chile,,,Chillán,Cementerio de Chillán,Santiago,female
Marta Minujín,Argentina,,,Buenos Aires,,,female
Martha Peluffo,Argentina,,,La Plata,,Buenos Aires,female
,,,,Buenos Aires,,,
Martin Puryear,United States,The Catholic University of America,African Americans,"Washington, D.C.",,,male
,,Yale School of Art,,,,,
,,Archbishop Carroll High School,,,,,
Marwan Rechmaoui,,,,,,,male
Mary Carmen Bosque,,,,,,,
Mary Vieira,Brazil,,,São Paulo,,Basel,female
Masao Kodama,,,,,,,
Masaru Shimizu,,,,,,,
Massimo Campigli,Italy,,,Berlin,,Saint-Tropez,male
Massuo Nakakubo,,,,,,,
Masushiro Kubota,,,,,,,
Matthew Smith,United Kingdom,Slade School of Fine Art,,Halifax,,Chelsea,male
,United Kingdom of Great Britain and Ireland,Giggleswick School,,,,,
,,Manchester Metropolitan University,,,,,
Matti Koskela,Finland,,,Kajaani,,,male
Matti Kulmala,Finland,,,Messukylä,,,male
Mattia Moreni,Italy,,,Pavia,,Brisighella,male
Maureen Bisilliat,Brazil,,,Englefield Green,,,female
,United States,,,United Kingdom,,,
Maurício Bentes,Brazil,,,Rio de Janeiro,,Rio de Janeiro,male
Maurício Fridman,,,,,,,
Maurício Nogueira Lima,Brazil,,,Recife,,Campinas,male
Mauro Fornari,,,,,,,
Mauro Francini,Italy,,,,,,male
Mauro Kleiman,,,,,,,
Mauro Restiffe,Brazil,,,São José do Rio Pardo,,,male
Max Bill,Switzerland,Bauhaus,,Winterthur,,Berlin,male
,,Kunstgewerbeschule Zürich,,,,,
Max Ernst,Cuba,University of Bonn,,Brühl,Crématorium-columbarium du Père-Lachaise,7th arrondissement of Paris,male
,United States,,,,Grave of Ernst,,
,Germany,,,,,,
Max Kahn,United States,Bradley University,,Slonim,,Chicago,male
Marcia Pastore,Brazil,,,,,,female
Márcia Rothstein,,,,,,,
Marcio Périgo,,,,,,,male
Mario Bueno,,,,Guadalajara,,,male
Mário Carneiro,Brazil,,,Paris,,Rio de Janeiro,male
Mário Cravo,Brazil,,,Salvador,,Salvador,male
Mário Gruber,Brazil,,,Santos,,Cotia,male
Mário Noburu Ishikawa,Brazil,,,Presidente Prudente,,,male
Mario Zanini,Brazil,,,São Paulo,,São Paulo,male
Megumi Yuasa,Brazil,,,São Paulo,,,female
Mel Bochner,United States,Carnegie Mellon College of Fine Arts,,Pittsburgh,,New York City,male
,,Carnegie Mellon School of Art,,,,,
Mercedes Esteves,,,,,,,female
Mestre Noza,Brazil,,,Taquaritinga do Norte,,São Paulo,male
Michael Ayrton,United Kingdom,Heatherley School of Fine Art,,St Pancras,,London,male
,,St John's Wood Art School,,London,,,
Michael Rothenstein,United Kingdom,Central School of Art and Design,,London,,,male
Michai Diament,,,,,,,
Michelangelo Conte,Italy,,,,,,male
Mick Carnicelli,,,,,,,male
Miguel Angel Ferreira,,,,,,,
Miguel Bresciano,Uruguay,,,Montevideo,,,male
Miguel Melcon,,,,,,,male
Miguel Ocampo,Argentina,University of Buenos Aires,,Buenos Aires,,La Cumbre,male
Miguel Pablo Borgarello,Argentina,,,,,Córdoba,male
Milton Dacosta,Brazil,,,Niterói,,Rio de Janeiro,male
Mimmo Paladino,Italy,,,Paduli,,,male
Minerva Lauffer,,,,,,,
Minna Citron,United States,Art Students League of New York,,Newark,,New York City,female
,,New York School of Applied Design for Women,,,,,
Mino Maccari,,,,,,,
Minoru Kawabata,,,,,,,
Miodrag Djordjević,Kingdom of Yugoslavia,,,Valjevo,,,male
,Socialist Federal Republic of Yugoslavia,,,,,,
Миодраг Нагорни,Kingdom of Yugoslavia,"Academy of Fine Arts, Belgrade",,Vlasotince,,Belgrade,male
Mira Schendel,Brazil,,,Zurich,,São Paulo,female
Mirella Bentivoglio,Italy,,,Klagenfurt am Wörthersee,,Rome,female
Mirian Cerqueira,,,,,,,
Mirtha Dermisache,,,,,,,
Misabel Pedroza,,,,,,,female
Mitsuyoshi Kageyama,,,,,,,
Míriam Chiaverini,,,,,,,
Mladen Srbinović,Yugoslavia,,,Sushica,Belgrade New Cemetery,,male
Moacyr de Vicentis Rocha,,,,,,,
Modest Cuixart,Spain,,,Barcelona,Palafrugell Cemetery,Palamós,male
Moema Cavalcanti,,,,,,,
Moisés Patrício,,,,,,,
Montez Magno,Brazil,,,,,,male
Morris Graves,United States,,,Fox,,Loleta,male
Moshe Castel,Israel,École du Louvre,,Jerusalem,Kiryat Shaul Cemetery,Tel-Aviv,male
,Ottoman Empire,Bezalel Academy of Art and Design,,,,,
Moshe Tamir,Israel,Bezalel Academy of Art and Design,,Odesa,,Tel-Aviv,male
Moussia Pinto Alves,Brazil,,,Sevastopol,,,female
Mónica Mayer,,,,,,,
Mónica Saucedo,Mexico,,,Colima,,,female
Mônica Nador,Brazil,Fundação Armando Alvares Penteado,,Ribeirão Preto,,,female
Mukata Takamura,,,,,,,
Nagatoshi Takeda,,,,,,,
Nauer Spíndola,,,,,,,
Nazareno Rodrigues,,,,,,,
Nazareth Pacheco,Brazil,,,São Paulo,,,female
Nelson Leirner,Brazil,,,São Paulo,,Rio de Janeiro,male
Nelson Pinheiro de Andrade ,,,,,,,
 Diego Miguel Buser,,,,,,,
Nelson Ramos,,,,,,,
Nemesio Antúnez,Chile,Colegio de los Sagrados Corazones de Santiago,,Santiago,,Santiago,male
Neuza Petti,,,,,,,
Newton Cavalcanti,Brazil,,,,,,male
Newton Freitas de Andrade,,,,,,,
Nicola López,United States,,,Santa Fe,,,female
Nicolás Rubió,Spain,,,Barcelona,,Buenos Aires,male
Nicolas Vlavianos,Brazil,,,Athens,,,male
Nikos Kessanlis,,,,,,,
Nilda Neves,,,,,,,
Nilson Seoane,Brazil,,,Santos,,,male
Nina Moraes,Brazil,,,,,,female
Nina Pandolfo,,,,,,,
Niobe Xandó,,,,,,,
Niura Bellavinha,Brazil,,,Belo Horizonte,,,female
Nivalda Assunção,,,,,,,
Noélia de Paula Sampaio,,,,,,,
Norberto Stori,,,,,,,
Norha Beltran,,,,,,,
Norma Grinberg,Brazil,Fundação Armando Alvares Penteado,,Cochabamba Department,,,female
,Bolivia,University of São Paulo,,,,,
Nuno Ramos,Brazil,,,São Paulo,,,male
Nury Iyem,,,,,,,
Octave Landuyt,Belgium,,,Ghent,,Heusden,male
Octavio San Martín,Uruguay,,,,,,male
Odetto Guersoni,,,,,,,
Odilla Mestriner,Brazil,,,Ribeirão Preto,,,female
Olga Peczenko-Srzednicka,Poland,Jan Matejko Academy of Fine Arts in Krakow,,Vilnius,Batowice Cemetery,Kraków,female
Olimpiu Bandalac,Romania,,,Săcele,,,male
Olle Bærtling,,,,,,,
Olney Krüse,Brazil,,,São Paulo,,Atibaia,male
奧馬爾・拉約,Colombia,,,Roldanillo,,Palmira,male
Ordan Petlevski,,,,Prilep,Mirogoj Cemetery,Zagreb,male
Orlando Luiz,,,,,,,
Óscar Domínguez,France,,,San Cristóbal de La Laguna,Montparnasse Cemetery,Paris,male
Oscar Ferrando,Uruguay,,,Montevideo,,,male
Oscar García Reino,,,,,,,
Oscar Gubiani,,,,,,,
Oscar Jorge Caraballo,,,,,,,
Clemente Padín,Uruguay,,,Lascano,,,male
Oscar Oiwa,Brazil,University of São Paulo,,São Paulo,,,male
Osny Schauffert,,,,,,,
Osvaldo Carvalho,,,,,,,
Osvaldo Oliveira Cunha,,,,,,,
Oswald de Andrade Filho,Brazil,,,,,,male
Oswaldo Goeldi,Brazil,Escola Nacional de Belas Artes,,Rio de Janeiro,,Rio de Janeiro,male
Oswaldo Guayasamín,Ecuador,,,Quito,,Baltimore,male
,Colombia,,,,,,
Oswaldo Takeshi Oyakawa,,,,,,,
Otávio Araújo,,,,,,,
Otavio Roth,Brazil,,,São Paulo,,São Paulo,male
Oton Gliha,Croatia,"Academy of Fine Arts, University of Zagreb",,Črnomelj,Omišalj,Zagreb,male
,,I Gymnasium Zagreb,,,,,
Otto Pankok,Germany,,,Mülheim an der Ruhr,,Wesel,male
Ottone Rosai,Italy,,,Florence,Cimitero delle Porte Sante,Ivrea,male
Ottone Zorlini,Brazil,,,Province of Treviso,,,male
Pablo Picasso,Spain,Royal Academy of Fine Arts of San Fernando,,Málaga,Château of Vauvenargues,Mas Notre-Dame-de-Vie de Mougins,male
,,Escola de Arte e Superior de Deseño Pablo Picasso,,,,,
Paolo Perotti,,,,,,,male
Paolo Rissone,,,,,,,
Patricia Bentancur,Uruguay,,,Montevideo,,,female
Patricia Córdoba,,,,,,,
Patrícia Furlong,Brazil,Fundação Armando Alvares Penteado,,Porto Alegre,,,female
Patricia Osses,,,,,,,
Patrícia Faria,,,,Luanda,,,female
Paul Bedra,Germany,,,Berlin,,Düsseldorf,male
Paul Clément,France,,,,,,male
Paul Jenkins,United States,Art Students League of New York,,Kansas City,,New York City,male
,,Kansas City Art Institute,,,,,
Paul Klee,Kingdom of Prussia,State University of Music and Performing Arts Stuttgart,,Münchenbuchsee,Schosshalden cemetery,Muralto,male
,Switzerland,"Academy of Fine Arts, Munich",,,,,
Paul Klose,Germany,,,,,,male
Paulo Amaral,,,,,,,
Paulo Becker,,,,,,,
Paulo Bruscky,Brazil,,,Recife,,,male
 Daniel Santiago,,,,,,,
Paulo Cheida Sans,,,,,,,
Paulo Cleto,,,,,,,male
Paulo de Andrade,,,,,,,
Paulo Gomes,,,,,,,
Paulo Herkenhoff,Brazil,,,Cachoeiro de Itapemirim,,,male
Paulo Menten,,,,,,,
Paulo Monteiro,Brazil,,,São Paulo,,,male
Paulo Nenflidio,,Escola de Comunicações e Artes da Universidade de São Paulo,,Brazil,,,male
Paulo Pasta,,,,,,,male
Paulo Rossi Osir,Brazil,,,São Paulo,,,male
Paulo Whitaker,,,,,,,male
Paulo Wladimir,,,,,,,
Pawel Petasz,,,,,,,male
Paweł Pierściński,Poland,Warsaw University of Technology,,Kielce,,Kielce,male
Pedro Meyer,Mexico,,,Madrid,,,male
Per Anderson,Sweden,,,,,,male
,Mexico,,,,,,
Percival Tirapelli,,,,,,,
Pericle Fazzini,Italy,,,Grottammare,cimitero di Grottammare,Rome,male
Peter Hoag,United States,,,,,,male
Peter Lubarda,,,,,,,
Peter Stämpfli,Switzerland,,,Deisswil bei Münchenbuchsee,,3rd arrondissement of Paris,male
Peter Sussmann,,,,,,,male
Peter Takal,United States,,,Bucharest,,Geneva,male
Peter van Beveren,,,,,,,male
Oscar Jorge Caraballo,Uruguay,,,,,,male
 Antonio Ferro ,,,,,,,
Haroldo González,Uruguay,,,Montevideo,,,male
Klaus Groh,Germany,,,Nysa,,,male
 Dámaso Ogaz ,,,,,,,
Robert Rehfeldt,Germany,,,Stargard,,Berlin,male
Oscar Sjöstrand,,,,,,,male
Pauline Smith,United Kingdom,Chelsea College of Art and Design,,Kenya,,,female
Edgardo Antonio Vigo,Argentina,,,,,,male
 Alexis Yanez ,,,,,,,
Horacio Zabala,Argentina,University of Buenos Aires,,Buenos Aires,,,male
Philip Zilcken,Kingdom of the Netherlands,Haagsche Teekenacademie,,The Hague,,Villefranche-sur-Mer,male
بيترو ماروسيج,Kingdom of Italy,,,Trieste,,Pavia,male
,Austria–Hungary,,,,,,
Pierre Alechinsky,France,École nationale supérieure des arts visuels de La Cambre,,Brussels,,,male
,Belgium,,,,,,
Pierre Buraglio,France,Beaux-Arts de Paris,,Charenton-le-Pont,,,male
Pierre Charbonnier,France,,,Vienne,,4th arrondissement of Paris,male
Pierre Soulages,France,Montpellier Fine Arts School,,Rodez,Montparnasse Cemetery,Centre Hospitalier Universitaire De Nîmes,male
Pietro Consagra,Italy,,,Mazara del Vallo,,Milan,male
Pilar Bordes,Mexico,,,Guadalajara,,,female
Pio Semeghini,Italy,,,Quistello,,Verona,male
Pitágoras Lopes,,,,,,,
Plínio Bernhardt,Brazil,Federal University of Rio Grande do Sul,,Cachoeira do Sul,,Porto Alegre,male
Plínio de Toledo Piza Filho,,,,,,,
Pola Rezende,,,,,,,
Poty Lazzarotto,Brazil,Federal University of Rio de Janeiro,,Curitiba,,Curitiba,male
Projetemos,,,,,,,
Prunella Clough,United Kingdom,Chelsea College of Art and Design,,Chelsea,Chelsea,London,female
,United Kingdom of Great Britain and Ireland,Wimbledon College of Art,,,,,
Quirino da Silva,Brazil,,,Rio de Janeiro,,,male
Rachid Koraïchi,Algeria,,,Aïn Beïda,,,male
Radha Abramo,,,,,,,female
José Gabriel Borba Filho,Brazil,,,São Paulo,,,male
 M. Contíbio ,,,,,,,
Annateresa Fabris,Brazil,University of São Paulo,,,,,female
,Italy,University of São Paulo,,,,,
 Léa Freitag ,,,,,,,
 Maurício Fridman ,,,,,,,
 Aristides Klafke ,,,,,,,
Julio Plaza,Brazil,,,Madrid,,São Paulo,male
Regina Silveira,Brazil,Arts Institute of Federal University of Rio Grande do Sul,,Porto Alegre,,,female
 Hebe Wey,,,,,,,
Rafael Canogar,Spain,,,Toledo,,,male
Rafael França,Brazil,,,,,,male
Rafael Ruiz Moreno,Mexico,,,,,,male
Raimo Kanerva,Finland,,,Turku,,,male
Raimundo de Oliveira,Brazil,,,,,,male
Ralph Du Casse,United States,University of Cincinnati,,Paducah,,San Francisco,male
,,"University of California, Berkeley",,,,,
,,California College of the Arts,,,,,
Ramón Vergara Grez,Chile,,,Mejillones,,Santiago,male
Ramón Pereira,,,,,,,
Raoul Dufy,France,École supérieure d'art du Havre,,Le Havre,Cimetière de Cimiez,Forcalquier,male
,,École supérieure d'art et design Le Havre-Rouen,,,,,
,,Beaux-Arts de Paris,,,,,
Raphael Galvez,Brazil,,,São Paulo,,São Paulo,male
Raquel Garbelotti,,,,,,,
Raúl Milián,Cuba,,,Havana,,Havana,male
Raul Porto,,,,,,,
Raúl Herrera,Mexico,,,Mexico City,,,male
Raymond Daussy,France,,,Rouen,,,male
Raymond Jordan,,,,,,,
Raymundo Sesma,Mexico,,,San Cristóbal de Las Casas,,,male
Regina Carmona,,,,,,,
Regina Vater,United States,Faculdade de Arquitetura e Urbanismo da Universidade Federal do Rio de Janeiro,,Rio de Janeiro,,,female
Remo Martini,Belgium,,,Heks,,Diest,male
Renata Barros,,Faculty of Nutrition and Food Science of the University of Porto,,,,,female
,,Faculty of Nutrition and Food Science of the University of Porto,,,,,
Renata Pedrosa,Brazil,European Ceramics Work Center,,,,,female
Renato Birolli,Kingdom of Italy,,,Verona,monumental cemetery of Milan,Milan,male
Renato Guttuso,Italy,University of Palermo,,Bagheria,Museo Guttuso,Rome,male
René Derouin,Canada,,,Montreal,,,male
René Guiette,Belgium,,,Antwerp,,Wilrijk,male
René Portocarrero,Cuba,,,Cerro,,Havana,male
Renée Lefèvre,Brazil,,,São Paulo,,,male
Renina Katz,Brazil,Federal University of Rio de Janeiro,,Rio de Janeiro,,,female
,,,,Niterói,,,
Flávio Império,Brazil,,,São Paulo,Consolação Cemetery,São Paulo,male
Ubirajara Ribeiro,Brazil,,,,,,male
Renzo Vespignani,Italy,,,Rome,,Rome,male
Régis Bonvicino,Brazil,University of São Paulo,,São Paulo,,Rome,male
Edgard Braga,Brazil,,,Maceió,,,male
Augusto de Campos,Brazil,"Law School, University of São Paulo",,São Paulo,,,male
Haroldo de Campos,Brazil,"Law School, University of São Paulo",,São Paulo,,São Paulo,male
 Cláudio Cortez ,,,,,,,
Walter Franco,Brazil,,,São Paulo,,São Paulo,male
 Fernando Cerqueira Lemos ,,,,,,,
 José Augusto Nepomuceno ,,,,,,,
Pedro Osmar,Brazil,,,João Pessoa,,,male
 Zéluiz ,,,,,,,
Décio Pignatari,Brazil,"Law School, University of São Paulo",,Jundiaí,,São Paulo,male
Ricardo Basbaum,Brazil,,,São Paulo,,,male
Ricardo Martínez de Hoyos,Mexico,,,Mexico City,,,male
Ricardo Ribenboin,,,,São Paulo,,,male
Richard Floresheim,,,,,,,
Richard Kostelanetz,United States,Brown University,,New York City,,,male
,,Columbia University,,,,,
,,King's College London,,,,,
,,Scarsdale High School,,,,,
Richard Mortensen,Kingdom of Denmark,Royal Danish Academy of Fine Arts,,Ejby,,Copenhagen,male
Richard Paul Lohse,Switzerland,Kunstgewerbeschule Zürich,,Zurich,Cemetery Sihlfeld,Zurich,male
Richard Vaux,,,,,,,
Riko Debenjak,Socialist Federal Republic of Yugoslavia,,,Kanal ob Soči,,Ljubljana,male
,Cisleithania,,,,,,
Rizza Pais Fernandes Conde,Brazil,,,Rio de Janeiro,,,female
Robert Adams,United Kingdom,,,Northampton,,Great Maplestead,male
Robert Colquhoun,United Kingdom,Glasgow School of Art,,Kilmarnock,,London,male
,United Kingdom of Great Britain and Ireland,Kilmarnock Academy,,,,,
Robert Cyprich,,,,Levoča,,Prague,male
Robert Filliou,France,,,Sauve,,Les Eyzies-de-Tayac-Sireuil,male
Robert Gwathmey,United States,Pennsylvania Academy of the Fine Arts,,Manchester,,Southampton,male
Robert Jacobsen,Kingdom of Denmark,,,Copenhagen,Vestre Cemetery,Tågelund,male
Robert MacBryde,United Kingdom,Glasgow School of Art,,Maybole,,Dublin,male
,United Kingdom of Great Britain and Ireland,Carrick Academy,,,,,
Robert Müller,,,,,,,
Robert Rauschenberg,Germany,Black Mountain College,,Port Arthur,,Captiva,male
,,University of Texas at Austin,,,,,
Robert Tatin,France,,,Laval,,Cossé-le-Vivien,male
Roberto Burle Marx,Brazil,Escola Nacional de Belas Artes,,São Paulo,,Rio de Janeiro,male
Roberto Galvão,Brazil,,,Fortaleza,,,male
Roberto Keppler,,,,,,,
Roberto Magalhães,Brazil,,,Rio de Janeiro,,,male
Roberto Mícoli,Brazil,,,Campinas,,,male
Roberto Obregón,Venezuela,,,Barranquilla,,Vargas state,male
Guillermo Deisler,German Democratic Republic,,,Santiago,,Halle (Saale),male
,Chile,,,,,,
 Leonhard Frank Duch ,,,,,,,
Jonier Marin,Colombia,,,,,,male
 Luis Iurcovich ,,,,,,,
Bill Gaglione,,,,,,,male
Michele Perfetti,,,,,,,male
 Irene Dogmatic ,,,,,,,
Opal L. Nations,,,,,,,male
Anna Banana,Canada,,,Victoria,,Roberts Creek,female
Álvaro Barrios,Colombia,University of Atlántico,,Barranquilla,,,male
 Luis Garcia ,,,,,,,
Dick Higgins,United States,Columbia University,,Cambridge,,Quebec,male
,United Kingdom,Yale University,,,,,
 Unhandeijara Lisboa ,,,,,,,
Julien Blaine,France,,,Rognac,,,male
Diego Barboza,Venezuela,,,Maracaibo,,,male
 Edwin Villasmil ,,,,,,,
Roberto Okinaka,,,,,,,
Roberto Okumura,,,,,,,
Roberto Sambonet,Kingdom of Italy,Manzoni,,Vercelli,monumental cemetery of Milan,Milan,male
,Italy,Brera Academy,,,,,
,,Polytechnic University of Milan,,,,,
Roberto Sandoval,Mexico,,,Mexico City,,,male
Roberto Matta,Chile,Pontifical Catholic University of Chile,,Santiago,,Civitavecchia,male
,France,Colegio de los Sagrados Corazones de Santiago,,,,,
Roberto Turnbull,Mexico,,,Mexico City,,,male
Robin Crozier,United Kingdom,,,,,,male
Rochelle Costi,Brazil,Pontifícia Universidade Católica do Rio Grande do Sul,,Caxias do Sul,,São Paulo,female
Rodolfo Abularach,Guatemala,,,Guatemala City,,,male
Rodrigo Andrade,,,,,,,
Rodrigo Bivar,,,,,,,
Rodrigo R Munhoz,,,,,,,male
Roger Barr,,,,,,,
Roger Bissière,France,,,Villeréal,,Marminiac,male
Roger Chastel,France,Beaux-Arts de Paris,,9th arrondissement of Paris,Saint Germain-en-Laye Old Communal Cemetery,Saint-Germain-en-Laye,male
,,Académie de La Palette,,,,,
Roger Dudant,Belgium,,,Brunehaut,,Péruwelz,male
Roger van Rogger,Belgium,,,Antwerp,,Bandol,male
Roger Viellard,,,,,,,
Roger von Gunten,Mexico,Kunstgewerbeschule Zürich,,Zurich,,Tepoztlán,male
,Switzerland,Ibero-American University,,,,,
Rogério Ghomes,,,,,,,
Roman Opałka,France,"Academy of Fine Arts, Warsaw",,Hocquinghen,,Chieti,male
,Poland,,,,,Rome,
Roman Starak,Poland,,,Ternopil,,,male
Romanita Martins,,,,,,,
Romano Peli,,,,,,,
Romero Britto,Brazil,,,Recife,,,male
Rommulo Vieira Conceição,Brazil,,African Brazilians,Salvador,,,male
Ronaldo Azeredo,Brazil,,,Rio de Janeiro,,,male
Rosana Paulino,Brazil,Escola de Comunicações e Artes da Universidade de São Paulo,African Brazilians,São Paulo,,,female
Rosângela Rennó,Brazil,Federal University of Minas Gerais,,Belo Horizonte,,,female
Rose Lutzemberger,,,,,,,
Rosina Becker do Valle,Brazil,,,Rio de Janeiro,,,female
Rossini Perez,Brazil,,,Macaíba,,,male
Rubem Grilo,,,,,,,
Rubem Valentim,Brazil,Federal University of Bahia,African Americans,Maceió,,São Paulo,male
,,,African Brazilians,,,,
Rubens Galant Costa Cabral,,,,,,,
Rubens Gerchman,Brazil,Escola Nacional de Belas Artes,,Rio de Janeiro,,São Paulo,male
Rubén Maya,Mexico,,,Huimilpan,,,male
Rufino Tamayo,Mexico,Academy of San Carlos,,Oaxaca de Juárez,,Mexico City,male
Ruisdael Suárez,Uruguay,,,Montevideo,,,male
Ryōkichi Mukai,,,,,,,male
Sabri Berkel,Albania,,,Skopje,,Istanbul,male
,Ottoman Empire,,,,,,
Sada Yazima,,,,,,,
Samson Flexor,Brazil,Académie Royale des Beaux-Arts - École supérieure des Arts de la Ville de Bruxelles,,Soroca,,São Paulo,male
,,Grekov Odesa Art school,,,,,
Sandra Cinto,Brazil,,,Santo André,,,female
Sandra Tucci,,,,,,,female
Santiago Rebolledo,Colombia,,,Bogotá,,,male
Sara Ávila,,,,,,,
Sara Goldman-Belz,,,,,,,
Sarino Papaliz,,,,,,,
Saul Villa,Mexico,,,Mexico City,,,male
Scipião Mandira,,,,,,,
Scipione,Kingdom of Italy,,,Macerata,,Arco,male
Sebastian,,,,,,,
Sebastião de Paula,,,,,,,
Seong Moy,United States,,Chinese Americans,Guangzhou,,New York,male
Serge Poliakoff,Russian Empire,Académie de la Grande Chaumière,,Moscow,Sainte-Geneviève-des-Bois Russian Cemetery,Paris,male
Sergio Meirana,Uruguay,,,,,,male
Sergio Niculitcheff,,,,,,,
Sérgio Romagnolo,Brazil,Fundação Armando Alvares Penteado,,São Paulo,,,male
Sergio Schimidt,,,,,,,
Seung Yeon Kim,,,,,,,
Seymor Lipton,,,,,,,
Sérgio Adriano H.,,,,,,,
Sérgio Caires Berber,,,,,,,
Sérgio Ferro,Brazil,,,Curitiba,,,male
Sérgio Fingermann,Brazil,Faculty of Architecture and Urbanism of the University of São Paulo,,São Paulo,,,male
Sérgio Jorge,,,,,,,
Sérgio M. Lima,,,,,,,male
Sérgio Milliet,Brazil,University of Bern,,São Paulo,,São Paulo,male
Sérgio Sister,Brazil,,,,,,male
Sérgio Sousa Lima,,,,,,,
Sérvulo Esmeraldo,Brazil,,,Crato,,Fortaleza,male
Sheila Brannigan,,,,,,,
Shikō Munakata,Japan,,,Aomori,,Tokyo,male
,Empire of Japan,,,,,,
Shinzo Adachi,,,,,,,
Shirley Paes Leme,Brazil,"University of California, Berkeley",,,,,female
Shizuko Onda,Japan,,,Tokyo,,,female
Shōichirō Mori,Japan,Waseda University,,Amagasaki,,,male
Sidney Amaral,Brazil,Fundação Armando Alvares Penteado,African Brazilians,São Paulo,,,male
Sidney Jack Hurwitz,United States,Brandeis University,,Worcester,,,male
,,Boston University,,,,,
,,State Academy of Fine Arts Stuttgart,,,,,
Sigrid Valtingojer,,,,Teplice,,Berlin,female
Sigurd Winge,Norway,,,Hamburg,,Trondheim,male
Silvano Bozzolini,Italy,,,Fiesole,,Paris,male
Silvano Lora,Dominican Republic,,,,,,male
Silvano Vescovi,,,,,,,
Simo Hannula,Finland,,,Konginkangas,,,male
Simon Benetton,Italy,,,Treviso,,Treviso,male
Gessiron Alves Franco,Brazil,,,Goiás,,,male
Sofu Teshigahara,Japan,,,Ōsaka,Aoyama Cemetery,Tokyo Women's Medical University Hospital,male
Sonia Guggisberg,,,,,,,
Sonia von Brüsky,Brazil,,,Rio de Janeiro,,,female
Sophia Tassinari,,,,,,,
Sophie Taeuber-Arp,Switzerland,,,Davos,,Zurich,female
Sonia Ebling,Brazil,,,Taquara,,Rio de Janeiro,female
St Celfer (John Parker),,,,,,,
Stanisław Borysowski,Poland,Jan Matejko Academy of Fine Arts in Krakow,,Lviv,,Toruń,male
Stanley William Hayter,United Kingdom,Académie Julian,,London,,Paris,male
,United Kingdom of Great Britain and Ireland,King's College London,,,,,
Sue Fuller,United States,Carnegie Institute of Technology,,Pittsburgh,,Southampton,female
,,Teachers College,,,,,
Suely Cauduro,,,,,,,
Susana Wald,Chile,,,Budapest,,,female
,Hungary,,,,,,
Susumu Endō,Japan,,,Kofu,,,male
Svend Wiig-Hansen,Kingdom of Denmark,The Royal Danish Academy of Fine Arts School of Visual Arts,,Møgeltønder,,Helsingør,male
Tadahiro Ono,Japan,Ritsumeikan University,,,,,male
Tadashi Kaminagai,Japan,,,Hiroshima,,15th arrondissement of Paris,male
Tadeu Jungle,Brazil,,,São Paulo,,,male
Tadeusz Lapinski,Poland,"Academy of Fine Arts, Warsaw",,Rawa Mazowiecka,,Florida,male
Takashi Fukushima,,,,,,,
Takeo Shimizu,Japan,University of Tokyo,,,,,male
Takeshi Yamamoto,,,,,,,
Tales Frey,,,,,,,
Tarcizo,,,,,,,
Tarsila do Amaral,Brazil,Académie Julian,,Capivari,Consolação Cemetery,São Paulo,female
Tatiana Blass,Brazil,São Paulo State University,,São Paulo,,,female
Tatsuo Arai,,,,,,,
Tatsuoki Nambata,Japan,,,Asahikawa,,,male
Teresa Berlinck,,,,,,,
Teresa Viana,Brazil,Escola de Artes Visuais do Parque Lage,,,,,female
Teresa D’Amico Fourpome,Brazil,Atelier 17,,São Paulo,,,female
Terezinha Veloso,Brazil,Federal University of Minas Gerais,,,,,female
Terumi Moriyama,Mexico,,,Mexico City,,,female
Theo Craveiro,,,,,,,
Theodor Werner,Germany,,,Itzehoe,,,male
Theodore Roszak,United States,School of the Art Institute of Chicago,,Poznań,,New York City,male
Thereza Miranda,Brazil,Pontifical Catholic University of Rio de Janeiro,,Rio de Janeiro,,,female
Thiago Honório,,,,,,,
Thiago Martins de Melo,Brazil,,,São Luís,,,male
Tikashi Fukushima,Japan,,,Sōma-shi,,São Paulo,male
Том Вессельман,United States,Cooper Union,,Cincinnati,,New York City,male
,,University of Cincinnati,,,,,
,,Hiram College,,,,,
Tomás Sánchez,United States,,,Aguada de Pasajeros,,,male
,Cuba,,,,,,
Tomie Ohtake,Brazil,Doshisha University,,Kyoto,,São Paulo,female
Tomoshige Kusuno,,,,,,,
Tove Storch,Kingdom of Denmark,,,,,,female
Traugott Spiess,Switzerland,,,,,,male
Ts'ai Hsia-Ling,,,,,,,
Ernesto Tuneu,Brazil,,,,,,male
" Ana Teophilo""",,,,,,,
Uiara Bartira,,,,,,,
Ulises Carrión,Mexico,,,Veracruz,,Amsterdam,male
,Kingdom of the Netherlands,,,,,,
Ivald Granato,Brazil,,,Campos dos Goytacazes,,São Paulo,male
Umberto Boccioni,Kingdom of Italy,Academy of Fine Arts of Rome,Italians,Reggio Calabria,Monumental Cemetery of Verona,Verona,male
Umberto Framu,,,,,,,
Umberto Lilloni,Italy,Brera Academy,,Milan,monumental cemetery of Milan,Milan,male
Valdeir Maciel,,,,,,,
Vanderlei Lopes,,,,,,,male
Vasco Prado,Brazil,,,Uruguaiana,,,male
Vânia Mignone,,,,,,,
Veikko Lehtovaara,Finland,,,,,,male
Vera Bocayuva Mindlin,Brazil,,,,,,female
Vera Chaves Barcellos,Brazil,Académie de la Grande Chaumière,,Porto Alegre,,,female
,,Federal University of Rio Grande do Sul,,Brazil,,,
Vera Ilce Monteiro da Silva Cruz,Brazil,,,São Paulo,,,female
Vera Martins,,,,,,,
Vicente do Rego Monteiro,Brazil,Académie Julian,,Recife,,Recife,male
Victor Brecheret,Brazil,,,Farnese,,São Paulo,male
Victor Décio Gerhard,,,,,,,
Victor Ribeiro,,,,,,,
Victor Vasarely,Hungary,Eötvös Loránd University,,Pécs,,16th arrondissement of Paris,male
Vilma Pasqualini,,,,,,,
Virgilije Nevjestić,France,"Academy of Fine Arts, University of Zagreb",,Kolo,Mirogoj Cemetery,L'Haÿ-les-Roses,male
Virgilio Guidi,Italy,,,Rome,Cemetery of San Michele,Venice,male
Vitor Cesar,,,,,,,
Vittorio Gobbis,Brazil,,,,,,male
Vivian Caccuri ,,,,,,,
Gustavo von Ha,,,,,,,male
Vítor Mizael,,,,,,,
Vladimir Favorsky,Russian Empire,Faculty of History and Philology of Moscow University,,Moscow,Novodevichy Cemetery,Moscow,male
Vladimir Makuc,Slovenia,,,Solkan,,,male
Waclaw Nowak,Poland,,,Kraków,Rakowicki Cemetery,Kraków,male
Waichi Tsutaka,Japan,,,Naniwa-ku,,Nishinomiya,male
Waldemar Cordeiro,Italy,,,Rome,,São Paulo,male
 Giorgio Moscati,,,,,,,
Waldemar da Costa,Brazil,,,Belém,,,male
Waldomiro de Deus,Brazil,,,Itagibá,,,male
Wally Elenbaas,Kingdom of the Netherlands,,,Rotterdam,,Rotterdam,male
Walter W Focke,,Massachusetts Institute of Technology,,,,,male
Mike Parr,Australia,National Art School,,,,,male
Walter Jonas,Switzerland,,,Oberursel (Taunus),,Zurich,male
Walter Lewy,Brazil,,,Bad Oldesloe,,São Paulo,male
Walter Linck,Switzerland,,,Bern,,Zollikofen,male
Walter Rogalski,United States,,,Glen Cove,,,male
Waltércio Caldas,Brazil,,,Rio de Janeiro,,,male
Wander Bertoni,Austria,,,Codisotto,,Vienna,male
Wani Soruku,,,,,,,
Wassily Kandinsky,Russian Empire,"Academy of Fine Arts, Munich",Russians,Moscow,Neuilly-sur-Seine New Communal Cemetery,Neuilly-sur-Seine,male
,Russian Soviet Federative Socialist Republic,"Moscow State University, Faculty of Law",,,,,
,Soviet Union,Grekov Odesa Art school,,,,,
Wega Nery,Brazil,,,Corumbá,,Guarujá,female
Wesley Duke Lee,Brazil,Académie de la Grande Chaumière,,São Paulo,,São Paulo,male
Whanki Kim,South Korea,Nihon University,,Zenra-nan Prefecture,,New York City,male
Wifredo Lam,Cuba,Academia Nacional de Bellas Artes San Alejandro,African Americans,Sagua La Grande,,Boulogne-Billancourt,male
Willi Baumeister,Germany,Friedrich-Eugens-Gymnasium Stuttgart,,Stuttgart,Pragfriedhof Stuttgart,Stuttgart,male
William Gear,United Kingdom,Edinburgh College of Art,,Methil,,Birmingham,male
,,University of Edinburgh,,,,,
,,Buckhaven High School,,,,,
William Scott,United Kingdom,Ulster University,,Greenock,Berlin,Bath,male
William Xerra,Italy,,,Florence,,,male
Willys de Castro,Brazil,,,Uberlândia,,São Paulo,male
Wojciech Plewiński,,Kraków University of Technology,,Warsaw,,,male
Wolf Vostell,Germany,Kunstakademie Düsseldorf,,Leverkusen,"Civil Cemetery, Madrid",Berlin,male
Wong Moo Cheew,,,,,,,
Woty Werner,Germany,,,Berlin,,Nuremberg,female
Xico Chaves,Brazil,,,Tiros,,,male
Santiago Pericot,Spain,University of Barcelona,,El Masnou,,Badalona,male
,,Slade School of Fine Art,,,,,
Yerassimos Sklavos,Greece,Athens School of Fine Arts,,Cephalonia,,Paris,male
Yllen Kerr,,,,,,,
Yo Yoshitome,Japan,,,Shimane Prefecture,,,female
Yoko Ono,Japan,Gakushuin University,Japanese Americans,Tokyo,,,female
,United States,,Japanese people,,,,
Yola Cintra,,,,,,,
Yolanda Mohalyi,Brazil,,,Cluj-Napoca,,São Paulo,female
Yōzō Hamaguchi,Japan,Tokyo Academy of Fine Arts,,Hiro,,Tokyo,male
Yurio Okada,,,,,,,
Yutaka Toyota,Japan,,,,,,male
Zalazar Johnson,,,,,,,
Zbigniew Dłubak,Poland,,,Radomsko,Powązki Cemetery,Warsaw,male
Zbigniew Łagocki,Poland,Kraków University of Technology,,Lviv,Rakowicki Cemetery,Kraków,male
Zbigniew Makowski,Poland,"Academy of Fine Arts, Warsaw",,Warsaw,Northern Communal Cemetery in Warsaw,Warsaw,male
Zdenka Rusova,Norway,,,Prague,,,female
Zdzislaw Walter,,,,,,,
Zed Nesti,,,,,,,
Zélia Salgado,Brazil,Académie de la Grande Chaumière,,São Paulo,,Rio de Janeiro,female
Zita Querido,,,,,,,
Zlatko Prica,Hungary,"Academy of Fine Arts, University of Zagreb",,Pécs,Samobor City Cemetery,Rijeka,male
,"Kingdom of Serbs, Croats and Slovenes",,,,,,
,Kingdom of Yugoslavia,,,,,,
,Independent State of Croatia,,,,,,
,Croatia,,,,,,
Zofia Rydet,Poland,,,Ivano-Frankivsk,,Gliwice,female
Zoran Mušič,Slovenia,"Academy of Fine Arts, University of Zagreb",,Bukovica,Cemetery of San Michele,Venice,male
Zoran Petrović,,,,,,,
Arlindo Daibert,,,,,,,male
Armando Balloni,,,,,,,
Armando Morales,Nicaragua,,,Granada,,Miami,male
Armin Landeck,United States,University of Michigan,,Crandon,,Litchfield,male
Arnaldo Ferrari,Brazil,,,,,,male
Arnaldo Pedroso d' Horta,,,,São Paulo,,São Paulo,male
Arnoldo Ciarrocchi,Italy,,,Civitanova Marche,,,male
Arthur Dove,United States,Cornell University,,Canandaigua,,Huntington,male
Arthur Kaufmann,Germany,Kunstakademie Düsseldorf,,Mülheim an der Ruhr,,Nova Friburgo,male
Arthur Luiz Piza,Brazil,,,São Paulo,,Neuilly-sur-Seine,male
Arthur Osver,United States,,,Chicago,,St. Louis,male
Artur Barrio,Portugal,Escola Nacional de Belas Artes,,Porto,,,male
Artur Lescher,Brazil,,,São Paulo,,,male
Artur Matuck,Brazil,University of São Paulo,,,,,male
,,University of Iowa,,,,,
,,Carnegie Mellon University,,,,,
阿圖羅·加西亞·巴斯托斯,Mexico,National Autonomous University of Mexico,,Mexico City,,Mexico City,male
Arturo Tosi,Kingdom of Italy,Brera Academy,,Busto Arsizio,,Milan,male
Ascânio MMM,Portugal,,,Freguesia de Fão,,,male
Atanasio Soldati,Italy,University of Parma,,Parma,,Parma,male
Augusto Rodrigues,Brazil,,,Recife,,,male
Aune Mikkonen,Finland,,,,,Helsinki,female
Austin Andrew Wright,United Kingdom,,,,,Upper Poppleton,male
Autoria não identificada,,,,,,,
Avatar Moraes,Brazil,,,Bagé,,,male
Axl Leskoschek,Austria,"Faculty of Law, German University in Prague",,Graz,Vienna Central Cemetery,Vienna,male
Ayao Okamoto,Brazil,,,Assaí,,,male
Angelo de Aquino,Brazil,,,,,,male
Angelo Venosa,Brazil,,,,,Rio de Janeiro,male
Barbara Hepworth,United Kingdom,Royal College of Art,British,Wakefield,,St Ives,female
,,Leeds Arts University,,,,,
,,Wakefield Girls' High School,,,,,
Barbara Schubert Spanoudis,,,,,,,
Barrão,,,,,,,
Bartolomeo Gelpi,,,,,,,
Beatriz Battione,Uruguay,,,,,,female
Ben Shahn,United States,New York University,,Kaunas,Roosevelt Cemetery,New York City,male
Ben Vautier,Switzerland,,,Naples,,Bertrix,male
Benedetta Bonichi,Italy,,,Rome,,,female
Bené Fonteles,Brazil,,,Bragança,,,male
Berna Reale,Brazil,,,Belém,,,female
Bernard Reder,Romania,"Academy of Fine Arts, Prague",,Chernivtsi,,New York City,male
Bernardita Vattier,Chile,,,Valparaíso,,,female
Bernardo Cid de Souza Pinto,,,,,,,male
Bernardo Krasniansky,Brazil,,,Asunción,,,male
Beth Moysés,Brazil,Fundação Armando Alvares Penteado,,São Paulo,,,female
Betsabeé Romero,Mexico,Ibero-American University,,Mexico City,,,female
,,Academy of San Carlos,,,,,
,,National Autonomous University of Mexico,,,,,
Bette Kalache,,,,,,,
Bettina Vaz Guimarães,,,,,,,female
Betty Leirner,,,,,,,female
Bia Gayotto,,,,,,,
Bia Simões,,,,,,,
Bill Lundberg,,,,,,,male
Bin Kondo,,,,,,,
Bob Wolfenson,Brazil,,,São Paulo,,,male
Boris Kossoy,Brazil,Mackenzie Presbyterian University,,São Paulo,,,male
,,Fundação Escola de Sociologia e Política de São Paulo,,,,,
Boris Margo,United States,,,Volochysk,,Hyannis,male
Boris Viskin,Mexico,,,Mexico City,,,male
Bramante Buffoni,Italy,,,,,,male
Brian Asquith,United Kingdom,,,,,,male
Bruno Cassinari,Italy,Brera Academy,,Piacenza,,Milan,male
Bruno Dunley,,,,,,,
Bruno Giorgi,Brazil,Académie de la Grande Chaumière,,Mococa,,Rio de Janeiro,male
Bruno Gironcoli,Austria,,,Villach,,Vienna,male
Bruno Grassi,,,,,,,
Bruno Missieri,,,,,,,
Bruno Saetti,Italy,,,Bologna,Certosa di Bologna,Bologna,male
Bruno Sapienti,,,,,,,
Bryan Wynter,United Kingdom,Slade School of Fine Art,,London,,Penzance,male
Bukichi Inoue,Japan,Musashino Art University,,Nara,,,male
Byron Browne,United States,,,Yonkers,,New York City,male
Caciporé Torres,Brazil,,,Araçatuba,,,male
Cândido Caetano de Almeida Reis,Brazil,Academia Imperial de Belas Artes,,Rio de Janeiro,,Rio de Janeiro,male
Caio Reisewitz,Brazil,,,São Paulo,,,male
Camille Graeser,Switzerland,State Academy of Fine Arts Stuttgart,,Carouge,,Wald,male
Camille Kachani,,,,,,,male
Camilo Sampaio Neto,,,,,,,
Candida Höfer,Germany,Kunstakademie Düsseldorf,,Eberswalde,,,female
Candido Portinari,Brazil,Escola Nacional de Belas Artes,,Brodowski,,Rio de Janeiro,male
Carl Morris,United States,School of the Art Institute of Chicago,,Yorba Linda,,,male
Carla Petrini,,,,,,,
Luiz Carlos Carvalhosa,Brazil,Faculty of Architecture and Urbanism of the University of São Paulo,,São Paulo,,,male
,,European Ceramics Work Center,,,,,
Carlito Contini,Brazil,Fundação Armando Alvares Penteado,,São Paulo,,,male
Carlo Berté,,,,,,,
Carlo Carrà,Italy,Brera Academy,,Quargnento,,Milan,male
Carlo Alberto Petrucci,Italy,,,Rome,,Rome,male
Carlos Fajardo,Brazil,Mackenzie Presbyterian University,,São Paulo,,,male
Carlos Alberto Petrucci,Brazil,,,Pelotas,,,male
Carlos Washington Aliseris Genta,Uruguay,,,Montevideo,,Montevideo,male
Conde do Pinhal,Brazil,,,Piracicaba,,São Carlos,male
Carlos Bevilacqua,,,,,,,male
Carlos Delfino,Argentina,,,Santa Fe,,,male
Carlos Espartaco,,,,,,,male
Carlos Fossatti,Uruguay,,,派桑杜,,Toulouse,male
Carlos Garcia Arias,,,,,,,
Carlos Jorge Guidacci,,,,,,,
Carlos Mancuso,,,,,,,male
Carlos Martins,Portugal,,,,,,male
Carlos Matuck ,,,,,,,
Rubens Matuck,Brazil,,,São Paulo,,,male
Carlos Santiago Mérida,Guatemala,,,Guatemala City,,Mexico City,male
Carlos Prado,Brazil,,,São Paulo,,São Paulo,male
Carlos Raul Ginzburg,,,,,,,
Carlos Scliar,Brazil,,,Santa Maria,,Rio de Janeiro,male
Carlos Vergara,Brazil,,,Santa Maria,,,male
Carlos Zílio,Brazil,Federal University of Rio de Janeiro,,Rio de Janeiro,,,male
Carmela Gross,Brazil,Fundação Armando Alvares Penteado,,São Paulo,,,female
Carmelina Piccolis,,,,,,,
Carmen Gracia,Argentina,Slade School of Fine Art,,,,,female
Carmen Inés Blondet,United States,,,San Juan,,,female
Carmélio Cruz,,,,,,,
Carybé,Brazil,,,Lanús,,Salvador,male
Cathleen Sidki,,,,,,,
Cássio Michalany,,,,,,,
Celina Yamauchi,,,,,,,
Celso Sim,Brazil,,,São Paulo,,,male
Anna Ferrari,,,,,,,female
Ceri Richards,United Kingdom,Royal College of Art,,Dunvant,,London,male
,United Kingdom of Great Britain and Ireland,Gowerton School,,,,,
Célia Cymbalista,Brazil,European Ceramics Work Center,,São Paulo,,,female
César Baldaccini,France,École des beaux-arts de Marseille,,Marseille,Montparnasse Cemetery,7th arrondissement of Paris,male
César Brandão,Brazil,,,,,,male
César Domela,Kingdom of the Netherlands,,,Amsterdam,,Paris,male
César Lacanna,Brazil,,,São Paulo,,,male
Charles Delporte,Belgium,,,Marcinelle,,沙勒罗瓦,male
Charles Joseph Suares,,,,,,,
Charles François Mayer,,,,,,,male
Charles John Watson,United Kingdom,,,Norwich,,London,male
Charlote Gross,,,,,,,
Charlotta Adlerová,Germany,,,Berlin,,São Paulo,female
Chen Kong Fang,Brazil,,,,,,male
Chihiro Shimotani,,,,Sakurai,,,male
Christina Elias,,,,,,,
Christine Boumeester,Kingdom of the Netherlands,Académie de la Grande Chaumière,,Meester Cornelis,Montparnasse Cemetery,Villejuif,female
Christo,Bulgaria,National Academy of Arts,,Gabrovo,,New York City,male
Cildo Meireles,Brazil,,,Rio de Janeiro,,,male
Ciro Cozzolino,Brazil,,,São Paulo,,,male
Cisco Jimenez,Mexico,,,,,,male
Cícero Dias,Brazil,,,Escada,Montparnasse Cemetery,16th arrondissement of Paris,male
Cíntia Bach,,,,,,,
Claes Oldenburg,Sweden,Yale University,Swedes,Malmö,,Manhattan,male
,United States,Latin School of Chicago,,Stockholm,,,
Clara Heteny,Italy,,,Budapest,,,female
Claude Dupuy,,,,,,,
Claudia Andujar,Switzerland,Hunter College,,Neuchâtel,,,female
George Love,United Kingdom of Great Britain and Ireland,,,,,,male
Claudio Cretti,,,,,,,
Claudio Tozzi,Brazil,Faculty of Architecture and Urbanism of the University of São Paulo,,São Paulo,,,male
Cláudio Ferlauto,,,,,,,
Flavio Pons,Brazil,,,,,,male
Claudio Goulart,Brazil,,,Porto Alegre,,,male
Claudio Mubarac,Brazil,University of São Paulo,,,,,male
Renate Groh,,,,,,,
Clóvis Graciano,Brazil,,,Araras,,São Paulo,male
Coletivo de Arte Sociológica,,,,,,,
Constant Permeke,Belgium,Royal Academy of Fine Arts of Gent,,Antwerp,Jabbeke,Ostend,male
Constantino Ignácio Riemma,,,,,,,
Cornélio Penna,Brazil,,,Petrópolis,,Petrópolis,male
Corrado Cagli,Italy,,,Ancona,,Rome,male
Crisaldo Morais,,,,,,,
Cristian Segura i Arasa,Spain,University Ramon Llull,,Barcelona,,,male
Cristiano Mascaro,Brazil,,,Catanduva,,,male
Cristina Carvalheira,,,,,,,
Cybèle Varela,Brazil,École du Louvre,,Petrópolis,,,female
Cyprien Kablan,,,,,,,
Daniel Acosta García,Mexico,,,,,,male
D. den Dikkenboer,Kingdom of the Netherlands,Academie van Beeldende Kunsten en Technische Wetenschappen,,Rotterdam,,Rotterdam,male
Daniel Senise,Brazil,Escola de Artes Visuais do Parque Lage,,Rio de Janeiro,,,male
Daniel Wojdylo,,,,,,,
Daniele Oppi,Italy,,,Milan,,Milan,male
Danilo Di Prete,Brazil,,,Pisa,,São Paulo,male
Danuta Kołwzan-Nowicka,Poland,"Academy of Fine Arts, Warsaw",,Vilnius,Powązki Cemetery,,female
Danuta Osadczy,,,,,,,
Danúbio Gonçalves,Brazil,,,Bagé,,,male
Darcílio Lima,,,,,,,
Darcy Penteado,Brazil,,,São Roque,,São Paulo,male
Darel Valença Lins,Brazil,,,,,,male
Davi Det Hompson,United States,Anderson University,,Sharon,,Richmond,male
,,Indiana University Bloomington,,,,,
David Batchelor,United Kingdom,,,Dundee,,,male
David de Tewenoir,,,,,,,
David Mayor,,University of Exeter,,,,,male
David Perlov,Israel,,,Rio de Janeiro,Einat,Tel-Aviv,male
David Weinrib,United States,,,,,,male
Dámaso Ogaz,,,,,,,
Deborah Paiva,,,,,,,
Demián Flores,Mexico,,,Juchitán de Zaragoza,,,male
Denilson Baniwa,Brazil,,,Barcelos,,,male
Denis Wirth-Miller,United Kingdom,,,,,,male
Denise Milan,Brazil,,,São Paulo,,,female
Ary Rodrigo Perez,Brazil,,,Goiânia,,,male
Didonet Thomaz,,,,,,,
Dmytro Ismailovytch,Brazil,Pavel Military School,,Sataniv,,Rio de Janeiro,male
,Russian Empire,,,,,,
Ding Musa,,,,,,,
Diogo Serra,,,,,,,
Dione Veiga Vieira,,,,,,,
Diva Buss,,,,,,,
Djanira da Motta e Silva,Brazil,,,Avaré,,Rio de Janeiro,female
Djanira Volpi,,,,,,,
Dolly Moreno,Egypt,El Nasr Girls' College,,Alexandria,,,female
Domingo Ferreira,Uruguay,University of the Republic,,Tacuarembó,,,male
Donald Urquhart,United Kingdom,,,,,,male
Donato Chiarella,,,,,,,
Donato Chiarella ,,,,,,,
Donato Ferrari,,,,,,,
Dorr Bothwell,United States,,,San Francisco,,Fort Bragg,female
Dov Or Ner,Israel,,,Paris,,,male
Duba Sambolec,Slovenia,,,Ljubljana,,,female
Dudi Maia Rosa,Brazil,,,São Paulo,,,male
Dudu Santos,,,,,,,
Ed Paschke,United States,School of the Art Institute of Chicago,,Chicago,Graceland Cemetery,Chicago,male
,,Arlington High School,,,,,
Edgar Koetz,Brazil,,,Porto Alegre,,,male
Edith Behring,Brazil,,,Rio de Janeiro,,Rio de Janeiro,female
Edith Derdyk,Brazil,Fundação Armando Alvares Penteado,,São Paulo,,,female
Edo Rocha,,,,,,,
Édouard Goerg,France,,,Sydney,château Goerg,Callian,male
Edu Marín,,,,Barcelona,,,male
Eduard Bal,,,,,,,
Eduardo Alvim Correia,,,,,,,
Eduardo Diaz Yepes,,,,,,,
Eduardo Eloy,Brazil,,,Fortaleza,,,male
Eduardo Giusiano,,,,,,,
Eduardo Jonquieres,Argentina,,,Buenos Aires,,,male
Eduardo Kac,Brazil,,,Rio de Janeiro,,,male
Eduardo Leonetti,,,,,,,
Eduardo Paolozzi,United Kingdom,Edinburgh College of Art,Italian Scots,Leith,,London,male
,,Saint Martin's School of Art,,,,,
Eduardo Ramírez Villamizar,Colombia,National University of Colombia,,Pamplona,,Bogotá,male
Edward Grochowicz,Poland,,,Warsaw,Wawrzyszewski Cemetery,,male
Edward Habdas,,,,,,,male
Edward Hartwig,Poland,,,Moscow,Powązki Cemetery,Warsaw,male
Edward August Landon,United States,,,,,,male
Egon Schiele,Cisleithania,Academy of Fine Arts Vienna,Austrians,Tulln an der Donau,Ober Sankt Veiter Friedhof,Vienna,male
Eino Ahonen,Finland,,,,,,male
Elaine Tedesco,,,,,,,
Elbio G. Arismendi,Uruguay,,,Montevideo,,,male
Eleanor Coen,United States,School of the Art Institute of Chicago,,Normal,,Martha's Vineyard,female
Eleonore Koch,Germany,,,Berlin,,São Paulo,female
Eli Heil,Brazil,,,,,,female
Eliane Prolik,Brazil,,,Curitiba,,,female
Elida Tessler,Brazil,,,Porto Alegre,,,female
Elisa Martins da Silveira,Brazil,,,Teresina,,Rio de Janeiro,female
Elisabete Bahiana,,,,,,,
Elizabeth Nobiling,,,,,,,
Eloy Tarcisio,Mexico,,,Mexico City,,,male
Elsa Saft Theilheirmer,,,,,,,
Elsa O. Souza,Brazil,,,Recife,,,female
Emanoel Araújo,Brazil,Escola de Belas Artes da Universidade Federal da Bahia,African Americans,Santo Amaro,,São Paulo,male
,,,Black people,,,,
Emeric Marcier,Brazil,,,Cluj-Napoca,,Paris,male
Emerik Feješ,Yugoslavia,,,Osijek,,Novi Sad,male
Emi Mori,,,,,,,
Emi Nakano,,,,,,,
Emile Geissberger,,,,,,,
Émile Gilioli,France,Beaux-Arts de Paris,,10ᵗʰ arrondissement of Paris,,13th arrondissement of Paris,male
Di Cavalcanti,Brazil,,,Rio de Janeiro,,Rio de Janeiro,male
Emiliano Gironella,Mexico,Interlochen Center for the Arts,,Mexico City,,,male
Emilio Vedova,Italy,,,Venice,Cemetery of San Michele,Venice,male
Emidio De Souza,,,,,,,male
Emília Ceccarelli,,,,,,,
Emmanuel Nassar,Brazil,,,Capanema,,,male
Enio Iommi,Argentina,,,Rosario,,San Justo,male
Enrico Bianco,Brazil,,,Rome,,Rio de Janeiro,male
Enrique Badaró,Uruguay,,,Montevideo,,,male
Enrique Gaona,,,,,,,
Enrique Pérez,,,,,,,
Enzo Colabri,,,,,,,
EQUIPE 9,,,,,,,
Erich Brill,German Reich,,,Lübeck,,Jungfernhof concentration camp,male
Erich Hauser,Germany,,,Rietheim-Weilheim,,Rottweil,male
Erika Steinberger,,,,,,,female
Erkki Hervo,Finland,,,Helsinki,,,male
Ermelindo Nardin,Brazil,,,Piracicaba,,,male
Ernest David Roth,United States,,,Stuttgart,,Redding,male
Ernest Freed,United States,,,,,,male
Ernest Muller,,,,,,,
Ernestina Karman,Brazil,,,Santos,,,female
Ernesto de Fiori,Austria,,,Rome,,São Paulo,male
Ernesto Meyer Filho,Brazil,,,Itajaí,,Florianópolis,male
Estela Sokol,Brazil,,,São Paulo,,,female
Esther Grinspum,Brazil,European Ceramics Work Center,,Recife,,,female
Euclides Sandoval,,,,,,,
Eugenio Prati,Kingdom of Italy,Accademia di Belle Arti di Venezia,,Caldonazzo,,Caldonazzo,male
,Austrian Empire,,,,,,
Eugeniusz Markowski,Poland,"Academy of Fine Arts, Warsaw",,Warsaw,Powązki Cemetery,,male
Eunibaldo,,,,,,,
Eva Saro,,,,,,,female
Evandro Carlos Jardim,Brazil,Fundação Armando Alvares Penteado,,São Paulo,,,male
Evelyn Roth,,,,Mundare,,,female
Everett Spruce,United States,Dallas Art Institute,,Conway,,Austin,male
Evert Lundquist,Sweden,Gerlesborg School of Fine Art,,Stockholm,,Stockholm,male
F. Vignanelli,,,,,,,
Fabiana de Barros,Switzerland,,,São Paulo,,,female
Fabiano Gonper,,,,,,,
Fabiano Rodrigues,Brazil,,,,,,male
Fabio Mauroner,Italy,,,Santa Maria la Longa,,Venice,male
Fabrizio Clerici,Italy,,,Milan,,Rome,male
Farnese de Andrade,Brazil,Escola do Parque Ltda Me,,Araguari,,Rio de Janeiro,male
Fausto Pirandello,Italy,,,Rome,,Rome,male
Fayga Ostrower,Brazil,Atelier 17,,Łódź,,Rio de Janeiro,female
Fabio Barbosa,Brazil,,,São Paulo,,,male
Fabio Miguez,Brazil,Faculty of Architecture and Urbanism of the University of São Paulo,,São Paulo,,,male
Fábio Moreira Leite,,,,,,,
Felice Carena,Italy,Accademia Albertina,,Cumiana,Cemetery of San Michele,Venice,male
Felice Casorati,Italy,University of Padua,,Novara,,Turin,male
Felice Melis Marini,Italy,,,Cagliari,,Cagliari,male
Felipe Cama,,,,,,,
Felipe Ehrenberg,Mexico,,,Mexico City,,,male
Felipe Vallejo,,,,,,,
Felícia Leirner,Brazil,,,Warsaw,,São Paulo,female
Feres Lourenço Khoury,Brazil,,,,,,male
Fernando Aceves Humana,Mexico,,,Mexico City,,,male
Fernando Cabezudo,Uruguay,,,Montevideo,,,male
Fernando Calderari,Brazil,,,,,,male
Fernando Cerqueira Lemos,,,,,,,
Fernando Cocchiarale,,,,,,,male
Fernando Durão,,,,,,,
Fernando Lemos,Brazil,,,Lisbon,,,male
,Portugal,,,,,,
Fernando Limberger,,,,,,,
Fernando Lindote,,,,,,,male
Fernando Lion,,,,,,,
Fernando Luiz Fogliano,,,,,,,
Fernando Magalhães Velloso,,,,,,,
Fernando Odriozola,,,,,,,
Fernando Piola,,,,,,,
Fernando de Szyszlo,Peru,Pontifical Catholic University of Peru,,Lima,,Lima,male
,,National University of Engineering,,,,,
,,Colegio de la Inmaculada,,,,,
Féliks Podsiadly,,,,,,,
フェリックス・ラビッス,France,,,Marchiennes,Douai Cemetery,Neuilly-sur-Seine,male
Filippo De Pisis,Italy,,,Ferrara,Certosa of Ferrara,Milan,male
Flavio Garciandía,Cuba,,,,,,male
Flávio Cerqueira,Brazil,Faculdade Paulista de Artes,,São Paulo,,,male
,,São Paulo State University,,,,,
Flavio de Carvalho,Brazil,Durham University,,Barra Mansa,,São Paulo,male
Flavio Shiro,Japan,,,Sapporo,,,male
Flor Minor,Mexico,"Escuela Nacional de Pintura, Escultura y Grabado La Esmeralda",,Santiago de Querétaro,,,female
Fortunato,,,,,,,
France Mihelič,Slovenia,"Academy of Fine Arts, University of Zagreb",,Virmaše,,Ljubljana,male
Frances Manacher,,,,,,,
Francesc Domingo,Brazil,,,Barcelona,,São Paulo,male
Francesco Cristofanetti,,,,Rome,,Rome,male
Francesco Menzio,Italy,Accademia Albertina,,Tempio Pausania,,Turin,male
Francesco Somaini,Italy,Brera Academy,,Lomazzo,,Como,male
فرانسيس پيكابيا,France,École nationale supérieure des arts décoratifs,French,Paris,Montmartre Cemetery,Paris,male
,,Collège Stanislas de Paris,,,,,
Francisca Carolina do Val,,,,,,,female
Francisco Biojone,,,,,,,
Francisco Brennand,Brazil,,,Recife,,Recife,male
Francisco Castro Leñero,Mexico,Instituto Nacional de Bellas Artes y Literatura,,Mexico City,,,male
Francisco Copello,Chile,"Academy of Fine Arts, Florence",,Santiago,,Santiago,male
Francisco Cuoco,Brazil,,,São Paulo,Consolação Cemetery,São Paulo,male
Francesco de Silva,,,,,,,male
Francisco Klinger Carvalho,Brazil,,,Óbidos,,,male
Francisco Rebolo,Brazil,,,São Paulo,,São Paulo,male
Francisco Stockinger,Brazil,,,Traun,,Porto Alegre,male
Franco Aceves Humana,Mexico,,,Mexico City,,,male
Franco Corradini,,,,,,,
Franco Mapelli,,,,,,,
Franco Pizzi,,,,,,,
François Morellet,France,,,Cholet,,Cholet,male
François Stahly,Germany,,,Constance,Longs-Réages cemetery,Meudon,male
Frank Stella,United States,Princeton University,White Americans,Malden,,Manhattan,male
,,Phillips Academy,,,,,
Frank Wallace,,,,,,,
Frans Krajcberg,Brazil,State Academy of Fine Arts Stuttgart,,Kozienice,,Rio de Janeiro,male
,Poland,,,,,,
Franz Weissmann,Brazil,Escola Nacional de Belas Artes,,Knittelfeld,,Rio de Janeiro,male
Frederick G. Becker,United States,,,Oakland,,,male
Fred Forest,France,,,Mascara,,,male
,Algeria,,,,,,
Freddy Flores,Argentina,,,,,,male
 Jorge Leal Labrín ,,,,,,,
Rik Lina,Kingdom of the Netherlands,Gerrit Rietveld Academie,,Valkenburg,,,male
Miguel Lohle,Kingdom of the Netherlands,,,,,,male
Frieda Hunziker,Kingdom of the Netherlands,,,Amsterdam,,Amsterdam,female
Friedrich Vordemberg-Gildewart,,,,,,,
Fritz Winter,Germany,Bauhaus,,Bönen,,Herrsching am Ammersee,male
Fulvio Pennacchi,Brazil,,,Villa Collemandina,,São Paulo,male
Gabor Peterdi,Hungary,,,Pestújhely,,Stamford,male
Gabriel Macotela,Mexico,"Escuela Nacional de Pintura, Escultura y Grabado La Esmeralda",,Guadalajara,,,male
,,Faculty of Arts and Design,,,,,
Gabriela Albergaria,Portugal,Faculty of Fine Arts of the University of Porto,,Vale de Cambra,,,female
,,University of Porto,,,,,
Gabriela Machado,Brazil,,,Joinville,,,female
Gaetano Miani,,,,Troina,,Rome,male
Garo Antreasian,United States,Herron School of Art and Design,,Indianapolis,,,male
Gastão de Magalhães,,,,,,,
Gastão Frazão,,,,,,,
Gastão Hofstetter,Brazil,,,Porto Alegre,,,male
Gaston Bertrand,Belgium,,,Bassenge,,Brussels metropolitan area,male
Gaudêncio Fidelis,Brazil,New York University,,Gravataí,,,male
Gen Yamaguchi,Japan,,,,,,male
Genaro de Carvalho,Brazil,,,Salvador,,,male
Genilson Soares,Brazil,,African Americans,João Pessoa,,,male
Geoffrey Clarke,United Kingdom,Royal College of Art,,Darley Dale,,,male
Georg Brenninger,Germany,,,Velden,,Munich,male
Georg Hadeler,,,,,,,male
George Grosz,United States,Dresden Academy of Fine Arts,Germans,Berlin,Friedhof Heerstraße,West Berlin,male
Georges Braque,France,Beaux-Arts de Paris,,Argenteuil,Varengeville-Sur-Mer Churchyard,Paris,male
Georges Collignon,Belgium,Royal Academy of Arts of Liège,,Flémalle,,Liège,male
Georges Rackus,,,,,,,
Georgia Creimer,,,,,,,female
Georgia Papageorge,South Africa,University of South Africa,,,,,female
Geórgia Kyriakakis,Brazil,European Ceramics Work Center,,,,,female
Geraldo de Barros,Brazil,,,Chavantes,,São Paulo,male
,,,,São Paulo,,,
Geraldo de Souza,,,,,,,
Geraldo Souza Dias,Brazil,University of São Paulo,,,,,male
,,Berlin University of the Arts,,,,,
,,University of the Arts,,,,,
Geraldo Trindade Leal,Brazil,,,Santana do Livramento,,Porto Alegre,male
Gerardo Cantú,Mexico,,,,,,male
Gerardo Vilaseca,,,,,,,
Gerda Brentani,Italy,,,Trieste,,São Paulo,female
Gerhard Richter,Germany,Kunstakademie Düsseldorf,,Dresden,,,male
Germaine Richier,France,Académie de la Grande Chaumière,,Grans,Mudaison,Montpellier,female
Germana Monte-Mór,Brazil,,,Rio de Janeiro,,,female
Gerrit Benner,Kingdom of the Netherlands,,,Leeuwarden,,Nijemirdum,male
Gerson Zanini,,,,,,,
Gerty Saruê,,,,,,,
Джакома Манцу,Italy,,,Bergamo,,Aprilia,male
Giancarlo Braghieri,,,,,,,male
Giancarlo Isola,Italy,,,Livorno,,,male
Gianfilippo Usellini,Italy,Brera Academy,,Milan,,Arona,male
Gianni Parziale,Brazil,,,Brescia,,,male
Gilberto Jiménez,Mexico,,,Mexico City,,,male
Gilberto Salvador,Brazil,Faculty of Architecture and Urbanism of the University of São Paulo,,São Paulo,,,male
Gilbertto Prado,Brazil,University of Campinas,,Santos,,,male
,,University of Paris 1 Pantheon-Sorbonne,,,,,
,,Technical University of Valencia,,,,,
 Grupo Poéticas Digitais 2010-2022,,,,,,,
Gilda Vogt,Brazil,,,,,,female
Gilson Ramos Barbosa,,,,,,,
Gilvan Samico,Brazil,,,Recife,,Recife,male
Ginés Parra,Spain,,,Almería,,France,male
Gino Bruno,,,,,,,
Gino Severini,Italy,,Italians,Cortona,,Paris,male
Giorgio de Chirico,Italy,"Academy of Fine Arts, Munich",,Volos,San Francesco a Ripa,Rome,male
,,Athens School of Fine Arts,,,,,
Giorgio Morandi,Italy,Academy of Fine Arts of Bologna,,Bologna,Certosa di Bologna,Bologna,male
Gisela Eichbaum,Brazil,,,Mannheim,,São Paulo,female
Giselda Leirner,Brazil,University of São Paulo,,São Paulo,,,female
Giselle Beiguelman,Brazil,"Faculty of Philosophy, Languages and Literature, and Human Sciences",,São Paulo,,,female
Giuliano Vangi,Italy,,,Barberino di Mugello,,Pesaro,male
Giulio Turcato,Italy,Accademia di Belle Arti di Venezia,,Mantua,,Rome,male
Giuseppe Capogrossi,Italy,Sapienza University of Rome,,Rome,,Rome,male
Giuseppe Guerreschi,Italy,Brera Academy,,Milan,,Nice,male
Giuseppe Morrocchi,,,,,,,
Giuseppe Santomaso,Italy,Accademia di Belle Arti di Venezia,,Venice,,Venice,male
Giuseppe Viviani,Italy,,,San Giuliano Terme,,Pisa,male
Giustina Prestento,Italy,,,Gorizia,,Rome,female
Gladys Afamado,Uruguay,Escuela Nacional de Bellas Artes,,Montevideo,,,female
Glauco Rodrigues,Brazil,,,Bagé,,Rio de Janeiro,male
Glênio Bianchetti,Brazil,,,Bagé,,,male
Gloria Isabel Carrerou Patron,Uruguay,,,,,,female
Gonçalo Ivo,Brazil,,,Rio de Janeiro,,,male
Graciela Gutiérrez Marx,Argentina,National University of La Plata,,La Plata,,La Plata,female
Graciela Mabel Baldini,,,,,,,
Graham Sutherland,United Kingdom,"Goldsmiths, University of London",,Streatham,,Streatham,male
,United Kingdom of Great Britain and Ireland,Epsom College,,,,,
,,Homefield Preparatory School,,,,,
Gregório Gruber,Brazil,Fundação Armando Alvares Penteado,,Santos,,,male
Gretta Sarfaty Marchant,United Kingdom,,,Athens,,,female
Grupo EmpreZa,,,,,,,
Grupo Untel,,,,,,,
Guido Viaro,Brazil,,,Badia Polesine,,,male
Guilherme Maranhão,,,,,,,
Guillermo Olguín,Mexico,,,Mexico City,,,male
Gustav Kurt Beck,Austria,,,Vienna,,Wolfsburg,male
Gustave Singier,Belgium,,,Warneton,,14th arrondissement of Paris,male
Gustavo Alamón,Uruguay,,,Tacuarembó,,,male
Gustavo Rezende,,,,,,,
Guta ,,,,,,,
 Fábio Moreira Leite,,,,,,,
Hans Fischer,Switzerland,,,Bern,,Interlaken,male
Hans Grudzinski,,,,,,,
Hans Hartung,Germany,,,Leipzig,,Antibes,male
Hans Jelinek,United States,,,Vienna,,,male
Hans Persoons,Belgium,,,Antwerp,,Schilde,male
Hans Platschek,Germany,,,Berlin,,Hamburg,male
Hans Uhlmann,Germany,,,Berlin,,Berlin,male
Hartwig Burchard,,,,,,,male
Haruhiko Yasuda,Japan,Tokyo University of the Arts,,,,,male
Harumichi Sakata,,,,,,,
Héctor Walter Contte Pau,Uruguay,,,,,,male
Hedvig Ziegler,,,,,,,
Heiner Kielholz,Switzerland,,,Rheinfelden,,,male
Heinz Battke,Germany,,,Berlin,,Frankfurt,male
Heinz Kühn,,,,,,,
Heitor dos Prazeres,Brazil,,African Brazilians,Rio de Janeiro,,Rio de Janeiro,male
Helen Escobedo,Mexico,Royal College of Art,,Mexico City,,Mexico City,female
Helen Faganello,,,,,,,
Helena Lopes,,,,,,,
Helena Wong,,,,,,,
Henri Cartier-Bresson,France,Lycée Condorcet,,Chanteloup-en-Brie,Cimetière de Montjustin,Montjustin,male
,,,,Landévant,,,
Henri Goetz,France,Harvard University,,New York City,Montparnasse Cemetery,Nice,male
,,Massachusetts Institute of Technology,,,,,
,,Grand Central School of Art,,,,,
Henri Laurens,France,,,Paris,Montparnasse Cemetery,Paris,male
Henri Mark,,,,,,,
Henri Matisse,France,Beaux-Arts de Paris,,Le Cateau-Cambrésis,Cimetière de Cimiez,Nice,male
Henri-Georges Adam,France,Beaux-Arts de Paris,,Paris,Cimetière communal,Perros-Guirec,male
Henrique Fuhro,Brazil,,,Rio Grande,,,male
Henrique Oliveira,Brazil,,,Ourinhos,,,male
Henrique Oswald,Brazil,,,Rio de Janeiro,,Rio de Janeiro,male
Henry Moore,United Kingdom,Royal College of Art,English people,Castleford,St Thomas Churchyard,Much Hadham,male
,United Kingdom of Great Britain and Ireland,Castleford Academy,,,,,
Henryk Hermanowicz,Poland,,,Vilnius,Rakowicki Cemetery,Kraków,male
Herman Tacasey,,,,,,,
Hermann J. Painitz,Austria,,,Vienna,,,male
Hermelindo Fiaminghi,Brazil,,,São Paulo,,São Paulo,male
Hélio Basto,,,,,,,
Hélio Oiticica,Brazil,"Museum of Modern Art, Rio de Janeiro",,Rio de Janeiro,,Rio de Janeiro,male
,,University of Sussex,,,,,
Hélio Rôla,,,,,,,
Hélio Vinci,,,,,,,
Hércules Barsotti,Brazil,Colégio Dante Alighieri,,São Paulo,,São Paulo,male
Hidekazu Hirano,,,,,,,
Hilda de Paulo,Brazil,,,Inhumas,,,trans woman
Hilde Weber,Brazil,Hochschule für bildende Künste Hamburg,,Waldau,,São Paulo,female
Hildebrando de Castro,,,,,,,
Hildegard Rosenthal,Brazil,,,Zurich,,São Paulo,female
Hilton Berredo,,,,,,,
Hissao Sakakibara,,,,,,,
Honoré Marius Bérard,France,,,Salindres,,Saint-Martin-de-Valgalgues,male
Horst Kohlem,,"Academy of Fine Arts, Karlsruhe",,,,,male
Huberto G. Poletti D'Assandri,,,,,,,
Hudinilson Júnior,Brazil,,,São Paulo,,,male
Hugo Adami,Brazil,,,São Paulo,,,male
Hugo Alíes,Argentina,,,,,,male
Hugo Curti,,,,,,,
Humberto de Castro Garcia,,,,,,,
Humberto Espíndola,Brazil,,,Campo Grande,,,male
Humberto Jaimess-Sanchez,,,,,,,
Friedensreich Hundertwasser,Austria,Academy of Fine Arts Vienna,,Vienna,Hundertwasser Estate,Australia,male
,New Zealand,,,,,,
Iberê Camargo,Brazil,,,Restinga Sêca,Cemitério Antigo 01 Caxias do Sul.,Porto Alegre,male
Fukuzawa Ichiro,Japan,University of Tokyo,,Tomioka,,,male
Iole de Freitas,Brazil,,,Belo Horizonte,,,female
Iole Di Natale,,,,,,,
Ion Oana Potecasu,,,,,,,
Ione Saldanha,Brazil,,,,,,female
Iran do Espirito Santo,Brazil,Fundação Armando Alvares Penteado,,Mococa,,,male
Irene Buarque,Brazil,,,São Paulo,,,female
Irma Neumann,,,,,,,
Irma Palacios,Mexico,"Escuela Nacional de Pintura, Escultura y Grabado La Esmeralda",,Iguala de la Independencia,,,female
Isa Castro ,,,,,,,
Walter Silveira,Brazil,,,São Paulo,,,male
Isaac Monteiro,Belgium,,,Antwerp,,Freeport,male
Isabel Castilho,,,,,,,
Isabel Pons,Spain,Barcelona School of Fine Arts,,Barcelona,,Rio de Janeiro,female
,Brazil,Institut Escola Industrial,,,,,
,,Real Círculo Artístico de Barcelona,,,,,
Isidoro Valcárcel Medina,Spain,,,Murcia,,,male
Ismael Nery,Brazil,Académie Julian,,Belém,,Rio de Janeiro,male
Ismenia Coaracy,Brazil,,,Sertãozinho,,São Paulo,female
Isolde Baumgart,Germany,Berlin University of the Arts,,Munich,,Kassel,female
,,Kunsthochschule Kassel,,,,,
Itajahy Martins,,,,,,,
Itamar Martinez,,,,,,,
Ivan Grilo,,,,,,,
Ivan Kudrna,,,,,,,
Ivan Moraes,,,,,,,
Իվան Սերպա,Brazil,,,Tijuca,,Rio de Janeiro,male
Ivani Ranieri,,,,,,,
Ivens Machado,Brazil,,,Florianópolis,,,male
Ivonaldo Veloso de Melo,Brazil,,,Caruaru,,,male
Izar do Amaral Berlinck,,,,,,,
J. Borges,Brazil,,,Bezerros,,Bezerros,male
Jackson Ribeiro,Brazil,,,,,Curitiba,male
Jacob Lawrence,United States,Pratt Institute,African Americans,Atlantic City,,Seattle,male
Jacob Steinhardt,Germany,Académie Julian,,Żerków,,Nahariya,male
Jacques Castex,France,Beaux-Arts de Paris,,15th arrondissement of Paris,,17th arrondissement of Paris,male
Jacques Villon,France,Académie Julian,,Damville,Cimetière monumental de Rouen,Puteaux,male
,,Lycée Pierre-Corneille,,,,,
Jadwiga Przybylak,,,,,,,
Jagobo Pan,,,,,,,
Jaime Prades Vianna,Brazil,,,Madrid,,,male
Jim Forsberg,United States,,,,,,male
James Kudo,,,,,,,
James Steg,,,,,,,
Jan Jaromir Aleksiun,Poland,"Academy of Fine Arts, Warsaw",,Naujoji Vilnia,,,male
Ян Лебенштейн,Poland,,,Brest,Powązki Cemetery,Kraków,male
Jan Nowak,,,,,,,
Janaina Wagner,,,,,,,
Jandyra Waters,,,,,,,female
Janusz Bąkowski,Poland,,,Warsaw,Powązki Cemetery,Warsaw,male
Janusz Karwacki,Poland,Jan Matejko Academy of Fine Arts in Krakow,,Wolbrom,,,male
Jaques Faing,,,,,,,
Jarosław Kozłowski,Poland,Magdalena Abakanowicz University of the Arts Poznań,,Śrem,,,male
Javier Fernández,Mexico,,,Colima Municipality,,,male
Javier Marín,Mexico,,,Uruapan del Progreso,,,male
Jayme Batista Paiva,,,,,,,
Jean Arp,France,Weimar Saxon-Grand Ducal Art School,,Strasbourg,cemetery of Locarno,Basel,male
,German Empire,Académie Julian,,,,,
Jean Charles Pigeau,,,,,,,
Jan Cobbaert,Belgium,Academy of Fine Arts Leuven,,Heverlee,,Kessel-Lo,male
Jean Dewasne,France,École des Beaux-Arts,,Hellemmes,,20th arrondissement of Paris,male
Jean-Jacques Deyrolle,France,,,Nogent-sur-Marne,,Toulon,male
Jean Kuhl,,,,,,,
Jean Le Moal,France,,,Authon-du-Perche,,Chilly-Mazarin,male
Jean Metzinger,France,,,Nantes,,Paris,male
Jean Otth,Switzerland,,,Lausanne,,Chavannes-près-Renens,male
Jean-Pierre Vielfaure,France,,,Algiers,,Limeil-Brévannes,male
Jean Rustin,France,Beaux-Arts de Paris,,Montigny-lès-Metz,,20th arrondissement of Paris,male
Jean Tinguely,Switzerland,Basel School of Design,,Fribourg,Neyruz,Bern,male
Jean-Marc Meloux,,,,,,,
Jeanete Musatti,Brazil,Fundação Armando Alvares Penteado,,São Paulo,,,female
Jeanne Coppel,France,Académie Ranson,,Galați,,16th arrondissement of Paris,female
,Romania,,,,,,
Ioanna Spiteri Veropoulou,Greece,Athens School of Fine Arts,,Athens,,Athens,female
,,National and Kapodistrian University of Athens,,İzmir,,,
Yefim Golyshev,Russian Empire,,,Kherson,,Neuilly-sur-Seine,male
Jenner Augusto,Brazil,,,Aracaju,,Salvador,male
Jerzy Lewczyński,Poland,Silesian University of Technology,,Tomaszów Lubelski,Gliwice Central Cemetery,Gliwice,male
Jerzy Treliński,,Academy of Fine Arts In Łódź,,Szewna,,,male
Jesper Neergaard,Kingdom of Denmark,,,Frederiksberg Municipality,,,male
Jessica Mein,Brazil,,,São Paulo,,,female
Jesús Rafael Soto,Venezuela,,,Ciudad Bolívar,Montparnasse Cemetery,3rd arrondissement of Paris,male
Jim Leon,United Kingdom,,,Wolverhampton,,6th arrondissement of Lyon,male
Joan Miró,Spain,,,Barcelona,Montjuïc Cemetery,Palma,male
Joan Ponç,Spain,,,Barcelona,,Saint-Paul-de-Vence,male
Joaquim Lopes Figueira,,,,,,,
João Abel Manta,Portugal,University of Lisbon,,Lisbon,,,male
João Atanásio,,,,,,,
João Ayres,,,,,,,male
João Batista Calixto de Jesus,,,,,,,male
João Câmara,Brazil,Federal University of Pernambuco,,João Pessoa,,,male
,,Catholic University of Pernambuco,,,,,
João Garboggni Quaglia,,,,,,,
João Loureiro,Portugal,Catholic University of Portugal,,Porto,,,male
Joao Luiz Chaves,Brazil,,,São Paulo,,,male
João Osório Brzezinski,,,,,,,
João Suzuki,,,,,,,male
Joãozinho,,,,,,,
Joel Amaral,,,,,,,
Joel Rendón,Mexico,Academy of San Carlos,,Izúcar de Matamoros,,,male
Joerg Ortner,Austria,,,Nuremberg,,Vannes,male
,,,,Bad Kreuzen,,,
Yohanan Simon,Israel,Beaux-Arts de Paris,,Berlin,Kfar Shmaryahu Cemetery,Tel-Aviv,male
Johann gutlich,Kingdom of the Netherlands,,,Rotterdam,,,male
John Graz,Brazil,,,Geneva,,São Paulo,male
John Henry,United States,,,,,,male
John Piper,United Kingdom,Royal College of Art,,Epsom,"St Mary the Virgin's Church, Fawley",Fawley Bottom,male
,,Richmond Adult Community College,,,,,
,,Epsom College,,,,,
Jonathas de Andrade,Brazil,,,Maceió,,,male
Jorge Carlos Sade,,,,,,,
Jorge Oteiza,Spain,Nuestra Señora del Buen Consejo School,,Orio,,San Sebastián,male
Jorge Páez Vilaró,Uruguay,,,Montevideo,,Montevideo,male
José Costa Leite,Brazil,,,Sapé,,Condado,male
Jose Rueda,,,,,,,
José Urbach,United States,,,,,,male
Josef Albers,Germany,"Academy of Fine Arts, Munich",,Bottrop,Orange Center Cemetery,New Haven,male
,United States,Bauhaus,,,,,
,,Willem de Kooning Academy,,,,,
Josef Myszkowski,,,,,,,
Josely Carvalho,Brazil,,,São Paulo,,,female
Joseph Beuys,Germany,Freiherr-vom-Stein-Gymnasium,,Krefeld,North Sea,Düsseldorf,male
,,Kunstakademie Düsseldorf,,,,,
José Alberto Nemer,,,,,,,male
José Antonio Castillo,Mexico,,,,,,male
José Antônio da Silva,Brazil,,,Sales Oliveira,,São Paulo,male
José Antônio Van Acker,Brazil,,,,,,male
José Assumpção Souza,,,,,,,
José Carlos Martinat,Peru,,,,,,male
José Carratu,,,,,,,
José Alejandro Castro Leñero,Mexico,Faculty of Arts and Design,,Mexico City,,,male
José Claudio Da Silva,Brazil,,,,,,male
José de Guimarães,Portugal,,,Guimarães,,,male
José de Quadros,,,,,,,male
José Gamarra,Uruguay,,,Tacuarembó,,,male
José Guyer Salles,,,,,,,
José Júlio de Calasans Neto,Brazil,,,Salvador,,Salvador,male
José Laterza Parodi,Paraguay,,,Asunción,,Asunción,male
Josefina Plá,Paraguay,,,Lobos Island,"Recoleta Cemetery, Asuncion",Asunción,female
José Lazcarro Toquero,Mexico,Academy of San Carlos,,Heroica Puebla de Zaragoza,,,male
Jose Luis Cuevas,Mexico,"Escuela Nacional de Pintura, Escultura y Grabado La Esmeralda",,Mexico City,,Mexico City,male
José Martín Sulaiman,Mexico,,,,,,male
José Mauro de Vasconcelos,Brazil,,,Rio de Janeiro,,São Paulo,male
José Pancetti,Brazil,,,Campinas,,Rio de Janeiro,male
Josepe Pedrepeee Castillolo,Uruguay,,,Montevideo,,,male
José Peretto,,,,,,,
José Resende,Brazil,,,São Paulo,,,male
José Roberto Aguilar,Brazil,,,São Paulo,,,male
José Rodrigues,Kingdom of Portugal,,,Lisbon,,Lisbon,male
José Rufino,,,,,,,
José Spaniol,Brazil,European Ceramics Work Center,,São Luiz Gonzaga,,,male
Joy Laville,United Kingdom,Instituto Allende,,Ryde,,Cuernavaca,female
Jozef Cantré,Belgium,,,Ghent,,Ghent,male
Józef Pakulski,,,,Kyiv,,Warsaw,male
Józef Robakowski,Poland,Nicolaus Copernicus University in Toruń,,Poznań,,,male
,,National Film School in Łódź,,,,,
Juan Bercetche ,,,,,,,
 Carlos Raul Ginzburg ,,,,,,,
 Eduardo Leonetti ,,,,,,,
 Luis Pazos ,,,,,,,
Juan Carlos Romero,Argentina,National University of La Plata,,Avellaneda,,,male
Carlos Raul Ginzburg ,,,,,,,
Eduardo Leonetti ,,,,,,,
Marcos Paley ,,,,,,,
Luis Pazos ,,,,,,,
Juan Esteve,Spain,,,,,,male
Juan Giralt,Spain,,,Madrid,,Madrid,male
Juan José Balzi,Argentina,Brera Academy,,Buenos Aires,Araçá Cemetery,São Paulo,male
Juan Pablo Langlois,Chile,Pontifical Catholic University of Valparaíso,,Santiago,Parque del Recuerdo Cemetery,Santiago,male
,,University of Art and Social Sciences,,,,,
Juan Ventayol,Uruguay,,,Montevideo,,Montevideo,male
Joan Vilacasas,Spain,,,Sabadell,,Barcelona,male
Judith Lauand,Brazil,,,Pontal,,São Paulo,female
 Joaquim Branco ,,,,,,,
Moacy Cirne,Brazil,,,São José do Seridó,,Natal,male
 Carlos Humberto Dantas ,,,,,,,
 Falves Silva ,,,,,,,
 Eduardo Gosson ,,,,,,,
 Marciano Lyrio ,,,,,,,
 Diógenes Metidieri ,,,,,,,
 P. J. Ribeiro ,,,,,,,
 Vânia Lucila Valério,,,,,,,
Julio Leite,,,,,,,
Julio Meiron,,,,,,,
Julius Heinrich Bissier,Germany,,,Freiburg im Breisgau,,Ascona,male
Juliusz Garztecki,Poland,Stefan Batory Gymnasium and Lyceum,,Warsaw,Protestant Reformed Cemetery in Warsaw,Halinów,male
Juljan Czapski,,,,,,,
Júlio de Resende,,,,,,,
Júlio Pomar,Portugal,University of Porto,,Lisbon,,Lisbon,male
Júnior Suci,,,,,,,
K.R.H. Sonderborg,Kingdom of Denmark,,,Sønderborg,,Hamburg,male
Karel Appel,Kingdom of the Netherlands,Royal Academy of Fine Arts,,Amsterdam,Père Lachaise Cemetery,Zurich,male
,,Rijksakademie van beeldende kunsten,,,,,
Karl Bertil Gado,,,,,,,
Karl Hartung,Germany,,,Hamburg,Zehlendorf Forest Cemetery,Berlin,male
Karl Plattner,Italy,Brera Academy,,Mals,,Milan,male
,Kingdom of Italy,Academy of Fine Arts Vienna,,,,,
Karl Schmidt-Rottluff,Germany,TUD Dresden University of Technology,,Rottluff,Waldfriedhof Dahlem,West Berlin,male
Karl Schrag,United States,,,Karlsruhe,,New York City,male
Karl Vogt,,,,,,,
Karoly Pichler,Hungary,,,Budapest,,,male
Katie van Scherpenberg,Brazil,,,São Paulo,,,female
Kazimir Glaz,,,,,,,
Kazmer Féjer,Brazil,Hungarian University of Fine Arts,,Pécs,,Sesimbra,male
Kazuo Wakabayashi,Japan,,,Kobe,,,
Käthe Kollwitz,Weimar Republic,Académie Julian,,Königsberg,Zentralfriedhof Friedrichsfelde,Moritzburg,female
,German Empire,Art Academy Königsberg,,,,,
Keith Vaughan,,,,,,,male
Keiya Sugano,,,,,,,
Kenichi Kaneko,,,,,,,
Kenji Yoshida,,,,,,,
Kenneth Kilstrom,United States,,,Chicago,,New York City,male
Kenneth Martin,United Kingdom,Royal College of Art,,Sheffield,,London,male
Kenny Scharf,United States,,,Hollywood,,,male
Kenzo Tabe ,,,,,,,
Yoshie Yoshida,Japan,Kanagawa Prefectural Shonan High School,,Kōjimachi,,Tsurugashima,male
Kenzo Tanaka,,,,,,,
Kimi Nii,,,,Hiroshima,,,female
Klaus Groh,,,,,,,
Klaus Karall,,,,,,,
Koos Hooykaas,Kingdom of the Netherlands,,,Rotterdam,,'s-Graveland,male
Kōzō Mio,Japan,,,,,,male
Krsto Hegedušić,Hungary,,,Petrinja,Mirogoj Cemetery,Zagreb,male
Krysztof Wodiczko,,,,,,,
Krzysztof Majchert,,,,,,,
Kuniichi Shima,Japan,Tama Art University,,Kōjimachi,,Tōmi-shi,male
Kurt Schwitters,Germany,,,Hanover,Engesohde city cemetery,Kendal,male
,Norway,,,,,Ambleside,
,United Kingdom,,,,,,
Laci Freund,,,,,,,
Ladislav Novák,Czechoslovakia,"Faculty of Arts, Charles University in Prague",,Turnov,Old Cemetery in Třebíč,Třebíč,male
Laérico Redondo,Brazil,,,Paranavaí,,,male
 Birger Lipinski,,,,,,,
Larry Rivers,United States,Juilliard School,,New York City,,New York City,male
,,Hans Hoffman School of Fine Art,,The Bronx,,Southampton,
Lasar Segall,Brazil,Prussian Academy of Arts,,Vilnius,,São Paulo,male
,Lithuania,,,,,,
Laura Cesana,,,,,,,
Laura Vinci,,,,,,,
Lauri Ahlgrén,Finland,,,Vammala,,,male
,,,,Karkku,,,
Laurita Salles,,,,,,,
Le Corbusier,Switzerland,École d'art de La Chaux-de-Fonds,,La Chaux-de-Fonds,Roquebrune-Cap-Martin,Roquebrune-Cap-Martin,male
Leda Catunda,Brazil,Fundação Armando Alvares Penteado,,São Paulo,,,female
Lee Adler,United States,,,,,,male
Lee Yuan-Chai,,,,,,,
Leland Fletcher,,,,,,,
Lenora de Barros,Brazil,University of São Paulo,,São Paulo,,,female
Leo Castellani,,,,,,,
Léon Gischia,France,,,Dax,Cemetery of San Michele,Venice,male
Leonard Baskin,United States,Yale University,,New Brunswick,,Northampton,male
Leonel Brayner,,,,,,,
